campus_id,institution,county,eds,cohort,km_1way,car_fuel_day,car_day,pt_day,pt_rail_day,pt_year
dcu_glasnevin,DCU,Carlow,53.0,2429.0,109.0,25.4,38.4,9.32,9.32,1305.0
dcu_glasnevin,DCU,Dublin City,162.0,15988.0,7.0,1.69,7.69,2.3,2.3,322.0
dcu_glasnevin,DCU,Dún Laoghaire-Rathdown,69.0,8026.0,17.0,4.3,10.3,2.65,2.65,371.0
dcu_glasnevin,DCU,Fingal,42.0,13684.0,16.0,4.13,11.83,2.48,2.48,347.0
dcu_glasnevin,DCU,Kildare,88.0,10683.0,61.0,12.13,24.75,4.42,4.42,619.0
dcu_glasnevin,DCU,Kilkenny,111.0,4299.0,145.0,35.24,48.24,11.37,11.37,1592.0
dcu_glasnevin,DCU,Laois,94.0,3989.0,106.0,24.45,37.45,9.44,9.44,1322.0
dcu_glasnevin,DCU,Longford,52.0,1896.0,125.0,30.56,43.56,10.89,10.89,1525.0
dcu_glasnevin,DCU,Louth,43.0,6018.0,73.0,16.44,29.44,7.91,7.91,1107.0
dcu_glasnevin,DCU,Meath,92.0,9584.0,59.0,10.9,23.59,6.76,6.76,946.0
dcu_glasnevin,DCU,Monaghan,69.0,2729.0,116.0,27.98,40.98,10.25,10.25,1435.0
dcu_glasnevin,DCU,Offaly,85.0,3438.0,119.0,26.92,39.92,9.78,9.78,1369.0
dcu_glasnevin,DCU,South Dublin,49.0,12169.0,20.0,5.26,11.26,2.89,2.89,405.0
dcu_glasnevin,DCU,Westmeath,106.0,3927.0,98.0,24.01,37.01,9.52,9.52,1333.0
dcu_glasnevin,DCU,Wicklow,82.0,6462.0,76.0,16.16,29.03,7.07,7.07,990.0
dkit_dundalk,DkIT,Carlow,53.0,2429.0,184.0,43.84,49.04,13.01,13.01,1821.0
dkit_dundalk,DkIT,Dublin City,162.0,15988.0,85.0,20.87,26.07,8.94,8.94,1252.0
dkit_dundalk,DkIT,Dún Laoghaire-Rathdown,69.0,8026.0,96.0,24.42,29.62,9.55,9.55,1337.0
dkit_dundalk,DkIT,Fingal,42.0,13684.0,76.0,19.04,24.24,8.35,8.35,1169.0
dkit_dundalk,DkIT,Kildare,88.0,10683.0,132.0,30.25,35.45,9.96,9.96,1394.0
dkit_dundalk,DkIT,Kilkenny,111.0,4299.0,220.0,53.68,58.88,14.8,14.8,2072.0
dkit_dundalk,DkIT,Laois,94.0,3989.0,179.0,42.68,47.88,12.16,12.16,1702.0
dkit_dundalk,DkIT,Longford,52.0,1896.0,122.0,31.54,36.71,10.27,10.27,1438.0
dkit_dundalk,DkIT,Louth,43.0,6018.0,19.0,5.16,8.4,5.61,5.61,785.0
dkit_dundalk,DkIT,Meath,92.0,9584.0,65.0,15.07,20.27,7.52,7.52,1053.0
dkit_dundalk,DkIT,Monaghan,69.0,2729.0,47.0,10.73,11.73,6.83,6.83,956.0
dkit_dundalk,DkIT,Offaly,85.0,3438.0,160.0,36.49,41.69,11.45,11.45,1603.0
dkit_dundalk,DkIT,South Dublin,49.0,12169.0,98.0,24.06,29.26,9.26,9.26,1296.0
dkit_dundalk,DkIT,Westmeath,106.0,3927.0,111.0,28.4,33.6,10.05,10.05,1407.0
dkit_dundalk,DkIT,Wicklow,82.0,6462.0,151.0,34.6,39.8,11.16,11.16,1562.0
iadt,IADT,Carlow,53.0,2429.0,108.0,25.41,36.41,9.0,9.0,1260.0
iadt,IADT,Dublin City,162.0,15988.0,16.0,4.22,8.22,2.76,2.76,386.0
iadt,IADT,Dún Laoghaire-Rathdown,69.0,8026.0,6.0,1.46,5.46,2.3,2.3,322.0
iadt,IADT,Fingal,42.0,13684.0,32.0,8.05,13.76,3.43,3.43,480.0
iadt,IADT,Kildare,88.0,10683.0,64.0,13.27,23.89,4.6,4.6,644.0
iadt,IADT,Kilkenny,111.0,4299.0,144.0,35.05,46.05,11.1,11.1,1554.0
iadt,IADT,Laois,94.0,3989.0,107.0,24.72,35.72,9.5,9.5,1330.0
iadt,IADT,Longford,52.0,1896.0,135.0,33.08,44.08,11.56,11.56,1618.0
iadt,IADT,Louth,43.0,6018.0,87.0,20.04,31.04,8.69,8.69,1217.0
iadt,IADT,Meath,92.0,9584.0,77.0,15.41,26.1,7.53,7.53,1054.0
iadt,IADT,Monaghan,69.0,2729.0,131.0,31.64,42.64,11.07,11.07,1550.0
iadt,IADT,Offaly,85.0,3438.0,126.0,28.93,39.93,10.13,10.13,1418.0
iadt,IADT,South Dublin,49.0,12169.0,20.0,5.42,9.42,3.26,3.26,456.0
iadt,IADT,Westmeath,106.0,3927.0,109.0,26.68,37.68,10.11,10.11,1415.0
iadt,IADT,Wicklow,82.0,6462.0,53.0,9.27,20.13,6.39,6.39,895.0
marino,Marino,Carlow,53.0,2429.0,103.0,24.03,41.03,9.29,9.29,1301.0
marino,Marino,Dublin City,162.0,15988.0,6.0,1.53,11.53,2.3,2.3,322.0
marino,Marino,Dún Laoghaire-Rathdown,69.0,8026.0,14.0,3.67,13.67,2.34,2.34,328.0
marino,Marino,Fingal,42.0,13684.0,18.0,4.75,16.46,2.33,2.33,326.0
marino,Marino,Kildare,88.0,10683.0,58.0,11.85,28.47,4.41,4.41,617.0
marino,Marino,Kilkenny,111.0,4299.0,139.0,33.85,50.85,11.35,11.35,1589.0
marino,Marino,Laois,94.0,3989.0,101.0,23.1,40.1,9.48,9.48,1327.0
marino,Marino,Longford,52.0,1896.0,130.0,31.88,48.88,11.04,11.04,1546.0
marino,Marino,Louth,43.0,6018.0,74.0,16.8,33.8,8.04,8.04,1126.0
marino,Marino,Meath,92.0,9584.0,65.0,12.12,28.81,6.91,6.91,967.0
marino,Marino,Monaghan,69.0,2729.0,118.0,28.35,45.35,10.4,10.4,1456.0
marino,Marino,Offaly,85.0,3438.0,122.0,27.82,44.82,9.87,9.87,1382.0
marino,Marino,South Dublin,49.0,12169.0,17.0,4.69,14.69,2.46,2.46,344.0
marino,Marino,Westmeath,106.0,3927.0,103.0,25.33,42.33,9.66,9.66,1352.0
marino,Marino,Wicklow,82.0,6462.0,63.0,12.15,29.01,6.95,6.95,973.0
mu_maynooth,MU,Carlow,53.0,2429.0,90.0,20.48,22.48,7.59,7.59,1063.0
mu_maynooth,MU,Dublin City,162.0,15988.0,29.0,7.21,9.21,2.66,2.66,372.0
mu_maynooth,MU,Dún Laoghaire-Rathdown,69.0,8026.0,39.0,9.72,11.72,3.44,3.44,482.0
mu_maynooth,MU,Fingal,42.0,13684.0,35.0,8.23,10.23,3.06,3.06,428.0
mu_maynooth,MU,Kildare,88.0,10683.0,38.0,6.58,8.79,3.67,3.67,514.0
mu_maynooth,MU,Kilkenny,111.0,4299.0,124.0,30.04,32.04,10.62,10.62,1487.0
mu_maynooth,MU,Laois,94.0,3989.0,86.0,19.32,21.32,7.37,7.37,1032.0
mu_maynooth,MU,Longford,52.0,1896.0,99.0,24.17,31.97,9.66,9.66,1352.0
mu_maynooth,MU,Louth,43.0,6018.0,94.0,21.03,23.03,7.09,7.09,993.0
mu_maynooth,MU,Meath,92.0,9584.0,48.0,10.2,12.54,6.31,6.31,883.0
mu_maynooth,MU,Monaghan,69.0,2729.0,130.0,32.45,36.9,9.78,9.78,1369.0
mu_maynooth,MU,Offaly,85.0,3438.0,94.0,20.63,26.74,7.28,7.28,1019.0
mu_maynooth,MU,South Dublin,49.0,12169.0,25.0,5.65,7.65,2.87,2.87,402.0
mu_maynooth,MU,Westmeath,106.0,3927.0,74.0,17.9,25.7,8.11,8.11,1135.0
mu_maynooth,MU,Wicklow,82.0,6462.0,72.0,16.38,18.38,7.05,7.05,987.0
ncad,NCAD,Carlow,53.0,2429.0,97.0,22.53,54.53,9.03,9.03,1264.0
ncad,NCAD,Dublin City,162.0,15988.0,5.0,1.48,26.48,2.3,2.3,322.0
ncad,NCAD,Dún Laoghaire-Rathdown,69.0,8026.0,12.0,3.1,28.1,2.3,2.3,322.0
ncad,NCAD,Fingal,42.0,13684.0,18.0,4.53,31.23,2.33,2.33,326.0
ncad,NCAD,Kildare,88.0,10683.0,51.0,9.85,41.46,3.97,3.97,556.0
ncad,NCAD,Kilkenny,111.0,4299.0,133.0,32.36,64.36,11.08,11.08,1551.0
ncad,NCAD,Laois,94.0,3989.0,94.0,21.57,53.57,9.21,9.21,1289.0
ncad,NCAD,Longford,52.0,1896.0,119.0,29.11,61.11,10.9,10.9,1526.0
ncad,NCAD,Louth,43.0,6018.0,77.0,17.59,49.59,8.18,8.18,1145.0
ncad,NCAD,Meath,92.0,9584.0,58.0,10.97,42.66,6.91,6.91,967.0
ncad,NCAD,Monaghan,69.0,2729.0,120.0,29.09,61.09,10.46,10.46,1464.0
ncad,NCAD,Offaly,85.0,3438.0,112.0,25.15,57.15,9.63,9.63,1348.0
ncad,NCAD,South Dublin,49.0,12169.0,11.0,2.92,27.92,2.3,2.3,322.0
ncad,NCAD,Westmeath,106.0,3927.0,93.0,22.66,54.66,9.48,9.48,1327.0
ncad,NCAD,Wicklow,82.0,6462.0,59.0,11.33,43.2,6.82,6.82,955.0
rcsi,RCSI,Carlow,53.0,2429.0,99.0,23.05,55.05,9.05,9.05,1267.0
rcsi,RCSI,Dublin City,162.0,15988.0,7.0,1.78,26.78,2.3,2.3,322.0
rcsi,RCSI,Dún Laoghaire-Rathdown,69.0,8026.0,11.0,2.74,27.74,2.3,2.3,322.0
rcsi,RCSI,Fingal,42.0,13684.0,20.0,5.02,31.72,2.33,2.33,326.0
rcsi,RCSI,Kildare,88.0,10683.0,53.0,10.48,42.1,4.14,4.14,580.0
rcsi,RCSI,Kilkenny,111.0,4299.0,135.0,32.93,64.93,11.11,11.11,1555.0
rcsi,RCSI,Laois,94.0,3989.0,97.0,22.15,54.15,9.27,9.27,1298.0
rcsi,RCSI,Longford,52.0,1896.0,122.0,29.84,61.84,10.99,10.99,1539.0
rcsi,RCSI,Louth,43.0,6018.0,79.0,18.08,50.08,8.22,8.22,1151.0
rcsi,RCSI,Meath,92.0,9584.0,60.0,11.53,43.23,6.97,6.97,976.0
rcsi,RCSI,Monaghan,69.0,2729.0,122.0,29.59,61.59,10.52,10.52,1473.0
rcsi,RCSI,Offaly,85.0,3438.0,114.0,25.85,57.85,9.72,9.72,1361.0
rcsi,RCSI,South Dublin,49.0,12169.0,12.0,3.31,28.31,2.36,2.36,330.0
rcsi,RCSI,Westmeath,106.0,3927.0,96.0,23.39,55.39,9.57,9.57,1340.0
rcsi,RCSI,Wicklow,82.0,6462.0,58.0,11.14,43.01,6.78,6.78,949.0
setu_carlow,SETU,Carlow,53.0,2429.0,22.0,3.61,4.61,5.29,5.29,741.0
setu_carlow,SETU,Dublin City,162.0,15988.0,91.0,22.55,23.55,9.06,9.06,1268.0
setu_carlow,SETU,Dún Laoghaire-Rathdown,69.0,8026.0,96.0,23.69,24.69,8.84,8.84,1238.0
setu_carlow,SETU,Fingal,42.0,13684.0,103.0,25.23,26.23,9.55,9.55,1337.0
setu_carlow,SETU,Kildare,88.0,10683.0,51.0,14.25,15.25,7.42,7.42,1039.0
setu_carlow,SETU,Kilkenny,111.0,4299.0,52.0,12.28,13.28,6.88,6.88,963.0
setu_carlow,SETU,Laois,94.0,3989.0,41.0,9.1,10.1,6.45,6.45,903.0
setu_carlow,SETU,Longford,52.0,1896.0,146.0,35.6,36.6,11.29,11.29,1581.0
setu_carlow,SETU,Louth,43.0,6018.0,165.0,39.15,40.15,11.9,11.9,1666.0
setu_carlow,SETU,Meath,92.0,9584.0,127.0,29.49,30.49,10.01,10.01,1401.0
setu_carlow,SETU,Monaghan,69.0,2729.0,206.0,50.37,51.37,13.37,13.37,1872.0
setu_carlow,SETU,Offaly,85.0,3438.0,83.0,19.35,20.35,8.38,8.38,1173.0
setu_carlow,SETU,South Dublin,49.0,12169.0,82.0,19.91,20.91,8.48,8.48,1187.0
setu_carlow,SETU,Westmeath,106.0,3927.0,114.0,27.59,28.59,9.65,9.65,1351.0
setu_carlow,SETU,Wicklow,82.0,6462.0,62.0,20.78,21.78,7.98,7.98,1117.0
tcd_college_green,TCD,Carlow,53.0,2429.0,100.0,23.37,55.37,9.09,9.09,1273.0
tcd_college_green,TCD,Dublin City,162.0,15988.0,6.0,1.52,26.52,2.3,2.3,322.0
tcd_college_green,TCD,Dún Laoghaire-Rathdown,69.0,8026.0,11.0,2.83,27.83,2.3,2.3,322.0
tcd_college_green,TCD,Fingal,42.0,13684.0,18.0,4.62,31.32,2.33,2.33,326.0
tcd_college_green,TCD,Kildare,88.0,10683.0,55.0,10.81,42.43,4.05,4.05,567.0
tcd_college_green,TCD,Kilkenny,111.0,4299.0,137.0,33.25,65.25,11.15,11.15,1561.0
tcd_college_green,TCD,Laois,94.0,3989.0,98.0,22.48,54.48,9.31,9.31,1303.0
tcd_college_green,TCD,Longford,52.0,1896.0,123.0,30.17,62.17,11.01,11.01,1541.0
tcd_college_green,TCD,Louth,43.0,6018.0,77.0,17.46,49.46,8.19,8.19,1147.0
tcd_college_green,TCD,Meath,92.0,9584.0,59.0,11.29,42.98,6.97,6.97,976.0
tcd_college_green,TCD,Monaghan,69.0,2729.0,120.0,28.98,60.98,10.5,10.5,1470.0
tcd_college_green,TCD,Offaly,85.0,3438.0,116.0,26.19,58.19,9.75,9.75,1365.0
tcd_college_green,TCD,South Dublin,49.0,12169.0,13.0,3.58,28.58,2.36,2.36,330.0
tcd_college_green,TCD,Westmeath,106.0,3927.0,97.0,23.66,55.66,9.59,9.59,1343.0
tcd_college_green,TCD,Wicklow,82.0,6462.0,59.0,11.25,43.11,6.81,6.81,953.0
tud_blanchardstown,TU Dublin,Carlow,53.0,2429.0,101.0,23.54,33.54,9.11,9.11,1275.0
tud_blanchardstown,TU Dublin,Dublin City,162.0,15988.0,14.0,3.54,6.54,2.42,2.42,339.0
tud_blanchardstown,TU Dublin,Dún Laoghaire-Rathdown,69.0,8026.0,29.0,7.12,10.12,3.33,3.33,466.0
tud_blanchardstown,TU Dublin,Fingal,42.0,13684.0,18.0,4.22,8.92,2.95,2.95,413.0
tud_blanchardstown,TU Dublin,Kildare,88.0,10683.0,53.0,10.22,19.84,4.01,4.01,561.0
tud_blanchardstown,TU Dublin,Kilkenny,111.0,4299.0,137.0,33.38,43.38,11.1,11.1,1554.0
tud_blanchardstown,TU Dublin,Laois,94.0,3989.0,99.0,22.59,32.59,9.01,9.01,1261.0
tud_blanchardstown,TU Dublin,Longford,52.0,1896.0,116.0,28.57,38.57,10.36,10.36,1450.0
tud_blanchardstown,TU Dublin,Louth,43.0,6018.0,81.0,18.6,28.6,7.82,7.82,1095.0
tud_blanchardstown,TU Dublin,Meath,92.0,9584.0,50.0,9.46,19.16,6.43,6.43,900.0
tud_blanchardstown,TU Dublin,Monaghan,69.0,2729.0,121.0,29.64,39.64,9.98,9.98,1397.0
tud_blanchardstown,TU Dublin,Offaly,85.0,3438.0,112.0,25.06,35.06,9.25,9.25,1295.0
tud_blanchardstown,TU Dublin,South Dublin,49.0,12169.0,16.0,3.86,6.86,2.51,2.51,351.0
tud_blanchardstown,TU Dublin,Westmeath,106.0,3927.0,89.0,21.96,31.96,8.98,8.98,1257.0
tud_blanchardstown,TU Dublin,Wicklow,82.0,6462.0,69.0,14.3,24.16,7.24,7.24,1014.0
tud_grangegorman,TU Dublin,Carlow,53.0,2429.0,100.0,23.05,45.05,9.11,9.11,1275.0
tud_grangegorman,TU Dublin,Dublin City,162.0,15988.0,6.0,1.49,16.49,2.3,2.3,322.0
tud_grangegorman,TU Dublin,Dún Laoghaire-Rathdown,69.0,8026.0,14.0,3.6,18.6,2.3,2.3,322.0
tud_grangegorman,TU Dublin,Fingal,42.0,13684.0,17.0,4.28,20.98,2.39,2.39,335.0
tud_grangegorman,TU Dublin,Kildare,88.0,10683.0,53.0,10.28,31.9,4.03,4.03,564.0
tud_grangegorman,TU Dublin,Kilkenny,111.0,4299.0,135.0,32.88,54.88,11.16,11.16,1562.0
tud_grangegorman,TU Dublin,Laois,94.0,3989.0,97.0,22.11,44.11,9.26,9.26,1296.0
tud_grangegorman,TU Dublin,Longford,52.0,1896.0,120.0,29.44,51.44,10.88,10.88,1523.0
tud_grangegorman,TU Dublin,Louth,43.0,6018.0,76.0,17.36,39.36,8.1,8.1,1134.0
tud_grangegorman,TU Dublin,Meath,92.0,9584.0,57.0,10.68,32.37,6.85,6.85,959.0
tud_grangegorman,TU Dublin,Monaghan,69.0,2729.0,119.0,28.86,50.86,10.39,10.39,1455.0
tud_grangegorman,TU Dublin,Offaly,85.0,3438.0,114.0,25.6,47.6,9.66,9.66,1352.0
tud_grangegorman,TU Dublin,South Dublin,49.0,12169.0,13.0,3.44,18.44,2.36,2.36,330.0
tud_grangegorman,TU Dublin,Westmeath,106.0,3927.0,94.0,22.91,44.91,9.48,9.48,1327.0
tud_grangegorman,TU Dublin,Wicklow,82.0,6462.0,61.0,11.92,33.78,6.9,6.9,966.0
tud_tallaght,TU Dublin,Carlow,53.0,2429.0,90.0,20.75,30.75,8.53,8.53,1194.0
tud_tallaght,TU Dublin,Dublin City,162.0,15988.0,16.0,4.1,7.1,2.57,2.57,360.0
tud_tallaght,TU Dublin,Dún Laoghaire-Rathdown,69.0,8026.0,17.0,4.14,7.14,2.73,2.73,382.0
tud_tallaght,TU Dublin,Fingal,42.0,13684.0,29.0,7.04,11.75,3.26,3.26,456.0
tud_tallaght,TU Dublin,Kildare,88.0,10683.0,47.0,9.18,18.8,4.01,4.01,561.0
tud_tallaght,TU Dublin,Kilkenny,111.0,4299.0,129.0,31.22,41.22,10.58,10.58,1481.0
tud_tallaght,TU Dublin,Laois,94.0,3989.0,90.0,20.43,30.43,8.74,8.74,1224.0
tud_tallaght,TU Dublin,Longford,52.0,1896.0,121.0,29.54,39.54,10.76,10.76,1506.0
tud_tallaght,TU Dublin,Louth,43.0,6018.0,91.0,20.95,30.95,8.53,8.53,1194.0
tud_tallaght,TU Dublin,Meath,92.0,9584.0,63.0,12.66,22.35,7.07,7.07,990.0
tud_tallaght,TU Dublin,Monaghan,69.0,2729.0,132.0,32.17,42.17,10.69,10.69,1497.0
tud_tallaght,TU Dublin,Offaly,85.0,3438.0,110.0,25.13,35.13,9.27,9.27,1298.0
tud_tallaght,TU Dublin,South Dublin,49.0,12169.0,6.0,1.74,4.74,2.3,2.3,322.0
tud_tallaght,TU Dublin,Westmeath,106.0,3927.0,95.0,23.14,33.14,9.27,9.27,1298.0
tud_tallaght,TU Dublin,Wicklow,82.0,6462.0,53.0,11.14,21.0,6.61,6.61,925.0
tus_athlone,TUS,Carlow,53.0,2429.0,133.0,31.17,32.17,10.74,10.74,1504.0
tus_athlone,TUS,Dublin City,162.0,15988.0,125.0,31.03,37.83,11.29,11.29,1581.0
tus_athlone,TUS,Dún Laoghaire-Rathdown,69.0,8026.0,136.0,33.53,40.33,11.65,11.65,1631.0
tus_athlone,TUS,Fingal,42.0,13684.0,133.0,32.43,39.23,11.25,11.25,1575.0
tus_athlone,TUS,Kildare,88.0,10683.0,100.0,25.01,31.25,9.6,9.6,1344.0
tus_athlone,TUS,Kilkenny,111.0,4299.0,143.0,34.66,35.66,11.03,11.03,1544.0
tus_athlone,TUS,Laois,94.0,3989.0,84.0,20.34,22.9,8.5,8.5,1190.0
tus_athlone,TUS,Longford,52.0,1896.0,48.0,10.92,12.38,6.73,6.73,942.0
tus_athlone,TUS,Louth,43.0,6018.0,152.0,36.75,43.55,11.47,11.47,1606.0
tus_athlone,TUS,Meath,92.0,9584.0,106.0,28.79,35.59,10.1,10.1,1414.0
tus_athlone,TUS,Monaghan,69.0,2729.0,130.0,32.38,39.18,11.01,11.01,1541.0
tus_athlone,TUS,Offaly,85.0,3438.0,47.0,11.93,16.03,6.96,6.96,974.0
tus_athlone,TUS,South Dublin,49.0,12169.0,122.0,29.51,36.31,10.82,10.82,1515.0
tus_athlone,TUS,Westmeath,106.0,3927.0,50.0,11.22,16.19,6.58,6.58,921.0
tus_athlone,TUS,Wicklow,82.0,6462.0,151.0,38.9,43.04,12.04,12.04,1686.0
ucd_belfield,UCD,Carlow,53.0,2429.0,102.0,23.94,36.94,8.98,8.98,1257.0
ucd_belfield,UCD,Dublin City,162.0,15988.0,10.0,2.53,8.53,2.32,2.32,325.0
ucd_belfield,UCD,Dún Laoghaire-Rathdown,69.0,8026.0,7.0,1.84,7.84,2.3,2.3,322.0
ucd_belfield,UCD,Fingal,42.0,13684.0,25.0,6.28,13.98,3.18,3.18,445.0
ucd_belfield,UCD,Kildare,88.0,10683.0,57.0,11.37,23.99,4.55,4.55,637.0
ucd_belfield,UCD,Kilkenny,111.0,4299.0,138.0,33.66,46.66,11.06,11.06,1548.0
ucd_belfield,UCD,Laois,94.0,3989.0,100.0,23.02,36.02,9.32,9.32,1305.0
ucd_belfield,UCD,Longford,52.0,1896.0,126.0,30.81,43.81,11.22,11.22,1571.0
ucd_belfield,UCD,Louth,43.0,6018.0,84.0,19.16,32.16,8.44,8.44,1182.0
ucd_belfield,UCD,Meath,92.0,9584.0,67.0,13.04,25.74,7.22,7.22,1011.0
ucd_belfield,UCD,Monaghan,69.0,2729.0,127.0,30.68,43.68,10.77,10.77,1508.0
ucd_belfield,UCD,Offaly,85.0,3438.0,118.0,26.79,39.79,9.86,9.86,1380.0
ucd_belfield,UCD,South Dublin,49.0,12169.0,14.0,3.97,9.97,2.72,2.72,381.0
ucd_belfield,UCD,Westmeath,106.0,3927.0,100.0,24.42,37.42,9.78,9.78,1369.0
ucd_belfield,UCD,Wicklow,82.0,6462.0,55.0,10.1,22.97,6.58,6.58,921.0
