schedule,mode,target,threshold_min,cohort_share
late,car,any_hei,30,0.644
late,car,any_hei,45,0.868
late,car,any_hei,60,0.958
late,car,any_hei,75,0.997
late,car,any_hei,90,1.0
late,car,university,30,0.589
late,car,university,45,0.8
late,car,university,60,0.9
late,car,university,75,0.965
late,car,university,90,0.979
late,car,maynooth,30,0.238
late,car,maynooth,45,0.581
late,car,maynooth,60,0.72
late,car,maynooth,75,0.825
late,car,maynooth,90,0.908
late,car,regional_hei,30,0.094
late,car,regional_hei,45,0.208
late,car,regional_hei,60,0.4
late,car,regional_hei,75,0.81
late,car,regional_hei,90,0.974
late,pt,any_hei,30,0.224
late,pt,any_hei,45,0.42
late,pt,any_hei,60,0.506
late,pt,any_hei,75,0.565
late,pt,any_hei,90,0.653
late,pt,university,30,0.166
late,pt,university,45,0.365
late,pt,university,60,0.481
late,pt,university,75,0.546
late,pt,university,90,0.624
late,pt,maynooth,30,0.005
late,pt,maynooth,45,0.021
late,pt,maynooth,60,0.045
late,pt,maynooth,75,0.156
late,pt,maynooth,90,0.251
late,pt,regional_hei,30,0.021
late,pt,regional_hei,45,0.029
late,pt,regional_hei,60,0.032
late,pt,regional_hei,75,0.035
late,pt,regional_hei,90,0.063
late,pt_plus_rail,any_hei,30,0.273
late,pt_plus_rail,any_hei,45,0.55
late,pt_plus_rail,any_hei,60,0.723
late,pt_plus_rail,any_hei,75,0.826
late,pt_plus_rail,any_hei,90,0.871
late,pt_plus_rail,university,30,0.246
late,pt_plus_rail,university,45,0.529
late,pt_plus_rail,university,60,0.678
late,pt_plus_rail,university,75,0.761
late,pt_plus_rail,university,90,0.814
late,pt_plus_rail,maynooth,30,0.006
late,pt_plus_rail,maynooth,45,0.135
late,pt_plus_rail,maynooth,60,0.495
late,pt_plus_rail,maynooth,75,0.542
late,pt_plus_rail,maynooth,90,0.611
late,pt_plus_rail,regional_hei,30,0.023
late,pt_plus_rail,regional_hei,45,0.052
late,pt_plus_rail,regional_hei,60,0.104
late,pt_plus_rail,regional_hei,75,0.172
late,pt_plus_rail,regional_hei,90,0.189
peak,car,any_hei,30,0.598
peak,car,any_hei,45,0.796
peak,car,any_hei,60,0.94
peak,car,any_hei,75,0.985
peak,car,any_hei,90,1.0
peak,car,university,30,0.549
peak,car,university,45,0.722
peak,car,university,60,0.871
peak,car,university,75,0.928
peak,car,university,90,0.967
peak,car,maynooth,30,0.167
peak,car,maynooth,45,0.497
peak,car,maynooth,60,0.688
peak,car,maynooth,75,0.801
peak,car,maynooth,90,0.867
peak,car,regional_hei,30,0.083
peak,car,regional_hei,45,0.179
peak,car,regional_hei,60,0.336
peak,car,regional_hei,75,0.596
peak,car,regional_hei,90,0.923
peak,pt,any_hei,30,0.206
peak,pt,any_hei,45,0.388
peak,pt,any_hei,60,0.508
peak,pt,any_hei,75,0.617
peak,pt,any_hei,90,0.683
peak,pt,university,30,0.153
peak,pt,university,45,0.327
peak,pt,university,60,0.49
peak,pt,university,75,0.587
peak,pt,university,90,0.653
peak,pt,maynooth,30,0.009
peak,pt,maynooth,45,0.014
peak,pt,maynooth,60,0.088
peak,pt,maynooth,75,0.19
peak,pt,maynooth,90,0.291
peak,pt,regional_hei,30,0.021
peak,pt,regional_hei,45,0.029
peak,pt,regional_hei,60,0.033
peak,pt,regional_hei,75,0.047
peak,pt,regional_hei,90,0.071
peak,pt_plus_rail,any_hei,30,0.239
peak,pt_plus_rail,any_hei,45,0.53
peak,pt_plus_rail,any_hei,60,0.665
peak,pt_plus_rail,any_hei,75,0.789
peak,pt_plus_rail,any_hei,90,0.847
peak,pt_plus_rail,university,30,0.212
peak,pt_plus_rail,university,45,0.497
peak,pt_plus_rail,university,60,0.622
peak,pt_plus_rail,university,75,0.725
peak,pt_plus_rail,university,90,0.778
peak,pt_plus_rail,maynooth,30,0.009
peak,pt_plus_rail,maynooth,45,0.084
peak,pt_plus_rail,maynooth,60,0.424
peak,pt_plus_rail,maynooth,75,0.471
peak,pt_plus_rail,maynooth,90,0.6
peak,pt_plus_rail,regional_hei,30,0.023
peak,pt_plus_rail,regional_hei,45,0.046
peak,pt_plus_rail,regional_hei,60,0.084
peak,pt_plus_rail,regional_hei,75,0.146
peak,pt_plus_rail,regional_hei,90,0.17
