county,hei,cohort,n_eds,car_min,ptrail_min,pt_min,km,home
Carlow,DCU,2429,53,120.16,170.5,208.7,78.7,0
Carlow,DkIT,2429,53,148.08,240.0,240.0,140.08,0
Carlow,MU,2429,53,83.27,168.69,208.68,69.64,0
Carlow,SETU,2429,53,21.45,58.0,157.9,11.43,1
Carlow,TCD,2429,53,122.04,146.09,196.97,74.86,0
Carlow,TU Dublin,2429,53,103.2,142.92,197.0,65.56,0
Carlow,TUS,2429,53,131.43,240.0,240.0,102.33,0
Carlow,UCD,2429,53,124.49,170.89,204.95,72.92,0
Dublin,DCU,49867,322,28.8,52.91,74.16,10.25,1
Dublin,DkIT,49867,322,81.69,130.25,148.62,72.57,0
Dublin,MU,49867,322,36.3,59.5,92.86,22.82,0
Dublin,SETU,49867,322,87.21,155.33,192.45,73.62,0
Dublin,TCD,49867,322,30.67,35.91,57.11,9.69,1
Dublin,TU Dublin,49867,322,21.79,40.84,52.29,7.22,1
Dublin,TUS,49867,322,108.9,169.41,183.06,110.36,0
Dublin,UCD,49867,322,34.31,55.59,77.09,11.18,1
Kildare,DCU,10683,88,65.74,97.86,143.63,37.61,0
Kildare,DkIT,10683,88,111.65,175.73,202.59,89.42,0
Kildare,MU,10683,88,34.25,62.85,112.0,21.19,1
Kildare,SETU,10683,88,59.4,123.6,166.06,47.05,0
Kildare,TCD,10683,88,70.47,78.38,126.4,36.19,0
Kildare,TU Dublin,10683,88,51.42,74.08,117.87,27.0,0
Kildare,TUS,10683,88,95.86,167.1,207.48,83.37,0
Kildare,UCD,10683,88,73.65,107.46,150.99,37.44,0
Kilkenny,DCU,4299,111,145.93,192.92,219.35,112.77,0
Kilkenny,DkIT,4299,111,150.0,242.03,240.0,169.93,0
Kilkenny,MU,4299,111,111.44,197.22,220.65,100.83,0
Kilkenny,SETU,4299,111,49.84,109.28,186.65,37.95,0
Kilkenny,TCD,4299,111,146.9,167.6,208.91,109.19,0
Kilkenny,TU Dublin,4299,111,135.77,167.15,208.2,99.65,0
Kilkenny,TUS,4299,111,136.49,238.42,240.0,107.19,0
Kilkenny,UCD,4299,111,148.05,194.8,219.95,107.59,0
Laois,DCU,3989,94,114.97,149.21,201.84,80.6,0
Laois,DkIT,3989,94,146.92,224.46,237.68,125.96,0
Laois,MU,3989,94,78.39,138.29,194.08,62.45,0
Laois,SETU,3989,94,44.17,120.44,185.94,30.87,0
Laois,TCD,3989,94,117.06,123.35,181.02,78.45,0
Laois,TU Dublin,3989,94,98.48,122.42,182.36,68.92,0
Laois,TUS,3989,94,83.67,160.46,212.77,64.99,0
Laois,UCD,3989,94,119.96,155.64,204.87,78.68,0
Longford,DCU,1896,52,144.12,204.62,221.05,104.86,0
Longford,DkIT,1896,52,142.69,238.14,240.0,94.42,0
Longford,MU,1896,52,93.91,162.85,197.18,84.35,0
Longford,SETU,1896,52,146.76,239.89,240.0,111.46,0
Longford,TCD,1896,52,148.58,185.02,214.6,106.75,0
Longford,TU Dublin,1896,52,136.23,176.81,209.77,96.04,0
Longford,TUS,1896,52,56.18,129.59,206.4,35.44,0
Longford,UCD,1896,52,149.21,214.07,223.57,110.35,0
Louth,DCU,6018,43,73.84,107.27,145.73,55.22,0
Louth,DkIT,6018,43,24.12,50.23,108.02,16.83,1
Louth,MU,6018,43,83.21,160.53,187.89,56.88,0
Louth,SETU,6018,43,137.56,233.76,235.07,121.62,0
Louth,TCD,6018,43,86.75,109.99,152.74,59.81,0
Louth,TU Dublin,6018,43,83.43,118.29,155.5,53.74,0
Louth,TUS,6018,43,144.09,232.15,240.0,114.52,0
Louth,UCD,6018,43,97.01,138.6,173.85,63.98,0
Meath,DCU,9584,92,58.14,104.42,131.16,36.02,0
Meath,DkIT,9584,92,66.57,138.17,175.29,48.74,0
Meath,MU,9584,92,47.92,107.67,147.4,29.1,0
Meath,SETU,9584,92,112.57,209.38,226.11,90.17,0
Meath,TCD,9584,92,69.28,97.0,128.54,39.46,0
Meath,TU Dublin,9584,92,49.72,89.28,117.33,30.56,0
Meath,TUS,9584,92,109.22,200.19,219.37,91.63,0
Meath,UCD,9584,92,80.06,122.03,148.3,43.65,0
Monaghan,DCU,2729,69,126.67,196.2,212.43,94.14,0
Monaghan,DkIT,2729,69,51.78,169.26,205.76,37.12,0
Monaghan,MU,2729,69,124.69,221.38,232.69,87.19,0
Monaghan,SETU,2729,69,150.0,240.0,240.0,146.1,0
Monaghan,TCD,2729,69,135.62,197.48,215.16,98.39,0
Monaghan,TU Dublin,2729,69,133.1,200.54,216.7,89.76,0
Monaghan,TUS,2729,69,142.81,240.0,240.0,106.85,0
Monaghan,UCD,2729,69,140.81,210.13,222.77,102.83,0
Offaly,DCU,3438,85,123.32,162.86,217.03,86.31,0
Offaly,DkIT,3438,85,143.64,232.87,240.0,114.16,0
Offaly,MU,3438,85,78.23,151.76,209.74,64.17,0
Offaly,SETU,3438,85,89.46,199.1,232.92,62.99,0
Offaly,TCD,3438,85,129.26,139.27,208.03,85.8,0
Offaly,TU Dublin,3438,85,114.54,137.66,207.55,76.98,0
Offaly,TUS,3438,85,48.53,112.81,196.21,39.27,0
Offaly,UCD,3438,85,131.69,168.83,218.71,87.65,0
Westmeath,DCU,3927,106,112.16,164.43,194.77,82.06,0
Westmeath,DkIT,3927,106,123.65,217.31,227.19,90.87,0
Westmeath,MU,3927,106,66.18,120.25,174.78,60.31,0
Westmeath,SETU,3927,106,117.45,226.16,238.04,84.19,0
Westmeath,TCD,3927,106,120.86,142.43,182.7,83.18,0
Westmeath,TU Dublin,3927,106,101.37,136.73,174.55,72.95,0
Westmeath,TUS,3927,106,44.72,112.99,166.47,33.0,1
Westmeath,UCD,3927,106,124.7,171.25,199.7,86.3,0
Wicklow,DCU,6462,82,83.13,119.79,163.37,41.14,0
Wicklow,DkIT,6462,82,124.2,190.5,220.12,109.35,0
Wicklow,MU,6462,82,67.47,138.65,182.23,49.08,0
Wicklow,SETU,6462,82,90.16,201.87,229.95,56.32,0
Wicklow,TCD,6462,82,73.17,91.41,139.93,36.82,0
Wicklow,TU Dublin,6462,82,62.17,104.39,149.53,33.54,0
Wicklow,TUS,6462,82,135.23,218.36,238.52,124.02,0
Wicklow,UCD,6462,82,62.11,93.21,127.24,32.98,0
