field,friction,spec,coef_per10,se,pct_per10,z,home_coef,loglik,aic,pseudo_r2,dev_drop_vs_FE
computing,car_min,county FE,-0.454,0.0262,-36.5,-17.3,-0.021,-546.5,1135.1,0.962,4194.7
computing,ptrail_min,county FE,-0.3315,0.0271,-28.2,-12.2,0.241,-752.5,1547.0,0.948,3782.8
computing,km,county FE,-0.5019,0.0315,-39.5,-15.9,0.092,-638.1,1318.3,0.956,4011.5
computing,car_min,county covariates,-0.4349,0.0282,-35.3,-15.4,-0.085,-699.9,1423.8,0.952,4301.5
computing,ptrail_min,county covariates,-0.2632,0.0281,-23.1,-9.4,0.133,-1211.9,2447.8,0.917,3277.5
computing,km,county covariates,-0.4748,0.0322,-37.8,-14.7,0.053,-797.8,1619.6,0.945,4105.7
natural_sciences,car_min,county FE,-0.2972,0.0197,-25.7,-15.1,0.287,-655.7,1353.4,0.965,2125.9
natural_sciences,ptrail_min,county FE,-0.201,0.0176,-18.2,-11.4,0.509,-804.9,1651.9,0.957,1827.5
natural_sciences,km,county FE,-0.3239,0.025,-27.7,-13.0,0.402,-729.1,1500.3,0.961,1979.1
natural_sciences,car_min,county covariates,-0.2764,0.0242,-24.2,-11.4,0.32,-739.8,1503.5,0.96,2565.7
natural_sciences,ptrail_min,county covariates,-0.183,0.0178,-16.7,-10.3,0.443,-998.8,2021.5,0.946,2047.7
natural_sciences,km,county covariates,-0.2929,0.0286,-25.4,-10.2,0.445,-840.4,1704.8,0.955,2364.5
engineering,car_min,county FE,-0.3233,0.0242,-27.6,-13.4,0.322,-754.1,1550.2,0.966,3589.0
engineering,ptrail_min,county FE,-0.2345,0.0283,-20.9,-8.3,0.473,-1059.6,2161.3,0.952,2977.9
engineering,km,county FE,-0.3764,0.0267,-31.4,-14.1,0.319,-755.4,1552.8,0.966,3586.4
engineering,car_min,county covariates,-0.3259,0.0241,-27.8,-13.5,0.093,-914.5,1853.0,0.958,4815.8
engineering,ptrail_min,county covariates,-0.2097,0.0274,-18.9,-7.6,0.191,-1549.7,3123.4,0.93,3545.3
engineering,km,county covariates,-0.3748,0.029,-31.3,-12.9,0.122,-947.6,1919.1,0.957,4749.7
business,car_min,county FE,-0.3358,0.0167,-28.5,-20.1,0.275,-1110.4,2262.9,0.97,7230.7
business,ptrail_min,county FE,-0.2176,0.0196,-19.6,-11.1,0.557,-1765.1,3572.1,0.952,5921.5
business,km,county FE,-0.3774,0.0177,-31.4,-21.3,0.369,-1199.5,2441.1,0.968,7052.5
business,car_min,county covariates,-0.3166,0.0226,-27.1,-14.0,0.243,-1413.9,2851.9,0.962,7571.7
business,ptrail_min,county covariates,-0.1854,0.0199,-16.9,-9.3,0.446,-2429.1,4882.2,0.934,5541.4
business,km,county covariates,-0.3469,0.0248,-29.3,-14.0,0.363,-1560.8,3145.6,0.958,7278.1
health,car_min,county FE,-0.3,0.0192,-25.9,-15.6,0.232,-992.7,2027.4,0.948,4670.5
health,ptrail_min,county FE,-0.2374,0.0244,-21.1,-9.7,0.23,-1156.2,2354.4,0.939,4343.4
health,km,county FE,-0.342,0.0202,-29.0,-17.0,0.211,-1016.8,2075.6,0.946,4622.2
health,car_min,county covariates,-0.2905,0.0211,-25.2,-13.8,0.139,-1279.2,2582.3,0.933,5345.6
health,ptrail_min,county covariates,-0.2047,0.0216,-18.5,-9.5,0.142,-1717.6,3459.1,0.91,4468.8
health,km,county covariates,-0.3241,0.0248,-27.7,-13.1,0.185,-1345.8,2715.7,0.929,5212.2
arts,car_min,county FE,-0.3408,0.0232,-28.9,-14.7,0.125,-805.1,1652.1,0.972,3629.5
arts,ptrail_min,county FE,-0.2111,0.022,-19.0,-9.6,0.451,-1124.0,2290.0,0.961,2991.6
arts,km,county FE,-0.388,0.031,-32.2,-12.5,0.244,-928.4,1898.7,0.968,3382.9
arts,car_min,county covariates,-0.3124,0.024,-26.8,-13.0,0.16,-1007.2,2038.4,0.965,4354.0
arts,ptrail_min,county covariates,-0.1863,0.02,-17.0,-9.3,0.359,-1609.2,3242.4,0.944,3150.0
arts,km,county covariates,-0.3314,0.0283,-28.2,-11.7,0.313,-1197.9,2419.9,0.958,3972.5
social_science,car_min,county FE,-0.4089,0.0287,-33.6,-14.2,0.167,-439.5,920.9,0.975,1664.4
social_science,ptrail_min,county FE,-0.2594,0.0333,-22.9,-7.8,0.514,-571.5,1184.9,0.968,1400.5
social_science,km,county FE,-0.491,0.0447,-38.8,-11.0,0.268,-484.0,1010.1,0.973,1575.3
social_science,car_min,county covariates,-0.3718,0.0321,-31.0,-11.6,0.188,-580.0,1184.0,0.967,2207.1
social_science,ptrail_min,county covariates,-0.2221,0.026,-19.9,-8.6,0.407,-887.7,1799.3,0.95,1591.8
social_science,km,county covariates,-0.3953,0.0409,-32.7,-9.7,0.369,-684.6,1393.3,0.961,1997.8
education,car_min,county FE,-0.2448,0.0519,-21.7,-4.7,0.104,-436.1,912.1,0.951,134.6
education,ptrail_min,county FE,-0.2118,0.0386,-19.1,-5.5,0.22,-416.6,873.2,0.953,173.5
education,km,county FE,-0.1984,0.0819,-18.0,-2.4,0.322,-482.7,1005.3,0.946,41.4
education,car_min,county covariates,-0.1242,0.0523,-11.7,-2.4,0.363,-544.3,1110.7,0.939,159.0
education,ptrail_min,county covariates,-0.0797,0.0386,-7.7,-2.1,0.39,-575.7,1173.5,0.936,96.2
education,km,county covariates,-0.1016,0.062,-9.7,-1.6,0.388,-583.4,1188.8,0.935,80.9
