field,county,hei,n,car_min,ptrail_min,km,home,predicted,predicted_km,residual,resid_pct
computing,Carlow,DCU,10,120.16,170.5,78.7,0,1.9,2.9,8.1,426.0
computing,Carlow,DkIT,0,148.08,240.0,140.08,0,0.3,0.1,-0.3,
computing,Carlow,MU,5,83.27,168.69,69.64,0,5.8,4.0,-0.8,-14.0
computing,Carlow,SETU,175,21.45,58.0,11.43,1,171.6,166.2,3.4,2.0
computing,Carlow,TCD,0,122.04,146.09,74.86,0,1.1,1.8,-1.1,-100.0
computing,Carlow,TU Dublin,0,103.2,142.92,65.56,0,7.3,11.4,-7.3,-100.0
computing,Carlow,TUS,0,131.43,240.0,102.33,0,0.8,1.2,-0.8,
computing,Carlow,UCD,0,124.49,170.89,72.92,0,1.2,2.4,-1.2,-100.0
computing,Dublin,DCU,910,28.8,52.91,10.25,1,1022.4,1043.9,-112.4,-11.0
computing,Dublin,DkIT,85,81.69,130.25,72.57,0,53.5,44.3,31.5,59.0
computing,Dublin,MU,450,36.3,59.5,22.82,0,418.4,444.8,31.6,8.0
computing,Dublin,SETU,15,87.21,155.33,73.62,0,76.0,70.7,-61.0,-80.0
computing,Dublin,TCD,565,30.67,35.91,9.69,1,566.9,558.5,-1.9,-0.0
computing,Dublin,TU Dublin,2650,21.79,40.84,7.22,1,2484.0,2466.7,166.0,7.0
computing,Dublin,TUS,0,108.9,169.41,110.36,0,18.2,8.2,-18.2,-100.0
computing,Dublin,UCD,570,34.31,55.59,11.18,1,605.5,608.0,-35.5,-6.0
computing,Kildare,DCU,75,65.74,97.86,37.61,0,87.9,89.6,-12.9,-15.0
computing,Kildare,DkIT,0,111.65,175.73,89.42,0,6.2,7.1,-6.2,-100.0
computing,Kildare,MU,200,34.25,62.85,21.19,1,202.7,196.8,-2.7,-1.0
computing,Kildare,SETU,185,59.4,123.6,47.05,0,121.1,99.7,63.9,53.0
computing,Kildare,TCD,65,70.47,78.38,36.19,0,42.8,50.1,22.2,52.0
computing,Kildare,TU Dublin,245,51.42,74.08,27.0,0,297.7,309.8,-52.7,-18.0
computing,Kildare,TUS,10,95.86,167.1,83.37,0,14.9,11.8,-4.9,-33.0
computing,Kildare,UCD,40,73.65,107.46,37.44,0,46.7,55.2,-6.7,-14.0
computing,Kilkenny,DCU,10,145.93,192.92,112.77,0,2.9,3.0,7.1,245.0
computing,Kilkenny,DkIT,0,150.0,242.03,169.93,0,1.4,0.2,-1.4,-100.0
computing,Kilkenny,MU,5,111.44,197.22,100.83,0,7.8,4.8,-2.8,-36.0
computing,Kilkenny,SETU,235,49.84,109.28,37.95,0,233.3,230.6,1.7,1.0
computing,Kilkenny,TCD,5,146.9,167.6,109.19,0,1.7,1.9,3.3,194.0
computing,Kilkenny,TU Dublin,5,135.77,167.15,99.65,0,8.1,11.8,-3.1,-38.0
computing,Kilkenny,TUS,0,136.49,238.42,107.19,0,2.9,5.2,-2.9,-100.0
computing,Kilkenny,UCD,0,148.05,194.8,107.59,0,2.0,2.4,-2.0,-100.0
computing,Laois,DCU,10,114.97,149.21,80.6,0,7.5,8.6,2.5,33.0
computing,Laois,DkIT,0,146.92,224.46,125.96,0,1.0,0.9,-1.0,-100.0
computing,Laois,MU,20,78.39,138.29,62.45,0,22.2,18.7,-2.2,-10.0
computing,Laois,SETU,175,44.17,120.44,30.87,0,192.2,185.5,-17.2,-9.0
computing,Laois,TCD,5,117.06,123.35,78.45,0,4.1,5.0,0.9,22.0
computing,Laois,TU Dublin,25,98.48,122.42,68.92,0,27.9,31.2,-2.9,-10.0
computing,Laois,TUS,25,83.67,160.46,64.99,0,20.5,24.4,4.5,22.0
computing,Laois,UCD,20,119.96,155.64,78.68,0,4.5,5.8,15.5,344.0
computing,Longford,DCU,10,144.12,204.62,104.86,0,2.5,2.3,7.5,300.0
computing,Longford,DkIT,0,142.69,238.14,94.42,0,1.5,4.1,-1.5,-100.0
computing,Longford,MU,25,93.91,162.85,84.35,0,13.9,5.6,11.1,80.0
computing,Longford,SETU,0,146.76,239.89,111.46,0,2.3,2.9,-2.3,-100.0
computing,Longford,TCD,0,148.58,185.02,106.75,0,1.2,1.1,-1.2,-100.0
computing,Longford,TU Dublin,10,136.23,176.81,96.04,0,6.4,7.1,3.6,56.0
computing,Longford,TUS,65,56.18,129.59,35.44,0,90.6,96.0,-25.6,-28.0
computing,Longford,UCD,10,149.21,214.07,110.35,0,1.5,1.0,8.5,567.0
computing,Louth,DCU,130,73.84,107.27,55.22,0,78.3,51.4,51.7,66.0
computing,Louth,DkIT,380,24.12,50.23,16.83,1,414.7,411.4,-34.7,-8.0
computing,Louth,MU,30,83.21,160.53,56.88,0,28.8,41.6,1.2,4.0
computing,Louth,SETU,0,137.56,233.76,121.62,0,4.5,3.3,-4.5,-100.0
computing,Louth,TCD,15,86.75,109.99,59.81,0,26.3,21.2,-11.3,-43.0
computing,Louth,TU Dublin,80,83.43,118.29,53.74,0,89.5,112.4,-9.5,-11.0
computing,Louth,TUS,0,144.09,232.15,114.52,0,2.1,3.4,-2.1,-100.0
computing,Louth,UCD,30,97.01,138.6,63.98,0,20.8,20.2,9.2,44.0
computing,Meath,DCU,190,58.14,104.42,36.02,0,140.2,121.8,49.8,36.0
computing,Meath,DkIT,100,66.57,138.17,48.74,0,54.1,68.4,45.9,85.0
computing,Meath,MU,120,47.92,107.67,29.1,0,125.7,151.4,-5.7,-5.0
computing,Meath,SETU,5,112.57,209.38,90.17,0,12.2,14.4,-7.2,-59.0
computing,Meath,TCD,40,69.28,97.0,39.46,0,51.0,53.3,-11.0,-22.0
computing,Meath,TU Dublin,285,49.72,89.28,30.56,0,363.2,325.2,-78.2,-22.0
computing,Meath,TUS,15,109.22,200.19,91.63,0,9.1,9.7,5.9,65.0
computing,Meath,UCD,40,80.06,122.03,43.65,0,39.4,50.7,0.6,2.0
computing,Monaghan,DCU,15,126.67,196.2,94.14,0,6.1,5.2,8.9,146.0
computing,Monaghan,DkIT,80,51.78,169.26,37.12,0,103.1,96.7,-23.1,-22.0
computing,Monaghan,MU,5,124.69,221.38,87.19,0,3.8,6.5,1.2,32.0
computing,Monaghan,SETU,0,150.0,240.0,146.1,0,2.2,0.7,-2.2,-100.0
computing,Monaghan,TCD,5,135.62,197.48,98.39,0,2.4,2.2,2.6,108.0
computing,Monaghan,TU Dublin,10,133.1,200.54,89.76,0,8.0,13.2,2.0,25.0
computing,Monaghan,TUS,5,142.81,240.0,106.85,0,1.9,3.6,3.1,163.0
computing,Monaghan,UCD,10,140.81,210.13,102.83,0,2.4,2.1,7.6,317.0
computing,Offaly,DCU,5,123.32,162.86,86.31,0,5.8,7.0,-0.8,-14.0
computing,Offaly,DkIT,0,143.64,232.87,114.16,0,1.3,1.8,-1.3,-100.0
computing,Offaly,MU,20,78.23,151.76,64.17,0,25.2,18.7,-5.2,-21.0
computing,Offaly,SETU,25,89.46,199.1,62.99,0,27.7,40.3,-2.7,-10.0
computing,Offaly,TCD,0,129.26,139.27,85.8,0,2.7,3.7,-2.7,-100.0
computing,Offaly,TU Dublin,5,114.54,137.66,76.98,0,15.2,22.7,-10.2,-67.0
computing,Offaly,TUS,140,48.53,112.81,39.27,0,114.2,96.7,25.8,23.0
computing,Offaly,UCD,0,131.69,168.83,87.65,0,3.0,4.0,-3.0,-100.0
computing,Westmeath,DCU,10,112.16,164.43,82.06,0,12.8,11.5,-2.8,-22.0
computing,Westmeath,DkIT,0,123.65,217.31,90.87,0,4.3,7.9,-4.3,-100.0
computing,Westmeath,MU,60,66.18,120.25,60.31,0,58.0,30.2,2.0,3.0
computing,Westmeath,SETU,0,117.45,226.16,84.19,0,10.4,18.5,-10.4,-100.0
computing,Westmeath,TCD,5,120.86,142.43,83.18,0,5.2,5.7,-0.2,-4.0
computing,Westmeath,TU Dublin,25,101.37,136.73,72.95,0,36.8,37.0,-11.8,-32.0
computing,Westmeath,TUS,195,44.72,112.99,33.0,1,177.1,193.5,17.9,10.0
computing,Westmeath,UCD,15,124.7,171.25,86.3,0,5.5,5.7,9.5,173.0
computing,Wicklow,DCU,35,83.13,119.79,41.14,0,41.7,62.7,-6.7,-16.0
computing,Wicklow,DkIT,0,124.2,190.5,109.35,0,3.7,2.2,-3.7,-100.0
computing,Wicklow,MU,20,67.47,138.65,49.08,0,47.9,37.0,-27.9,-58.0
computing,Wicklow,SETU,70,90.16,201.87,56.32,0,31.3,52.3,38.7,124.0
computing,Wicklow,TCD,40,73.17,91.41,36.82,0,39.6,40.5,0.4,1.0
computing,Wicklow,TU Dublin,195,62.17,104.39,33.54,0,190.9,186.4,4.1,2.0
computing,Wicklow,TUS,0,135.23,218.36,124.02,0,2.6,1.3,-2.6,-100.0
computing,Wicklow,UCD,80,62.11,93.21,32.98,0,82.4,57.6,-2.4,-3.0
natural_sciences,Carlow,DCU,20,120.16,170.5,78.7,0,16.2,18.9,3.8,23.0
natural_sciences,Carlow,DkIT,0,148.08,240.0,140.08,0,1.7,0.9,-1.7,-100.0
natural_sciences,Carlow,MU,55,83.27,168.69,69.64,0,56.2,40.5,-1.2,-2.0
natural_sciences,Carlow,SETU,130,21.45,58.0,11.43,1,114.9,105.4,15.1,13.0
natural_sciences,Carlow,TCD,20,122.04,146.09,74.86,0,21.8,27.4,-1.8,-8.0
natural_sciences,Carlow,TU Dublin,15,103.2,142.92,65.56,0,33.2,38.9,-18.2,-55.0
natural_sciences,Carlow,TUS,0,131.43,240.0,102.33,0,5.6,6.4,-5.6,-100.0
natural_sciences,Carlow,UCD,40,124.49,170.89,72.92,0,30.4,41.6,9.6,32.0
natural_sciences,Dublin,DCU,1140,28.8,52.91,10.25,1,1224.7,1249.8,-84.7,-7.0
natural_sciences,Dublin,DkIT,50,81.69,130.25,72.57,0,44.7,39.9,5.3,12.0
natural_sciences,Dublin,MU,865,36.3,59.5,22.82,0,851.2,888.3,13.8,2.0
natural_sciences,Dublin,SETU,15,87.21,155.33,73.62,0,45.8,45.3,-30.8,-67.0
natural_sciences,Dublin,TCD,1610,30.67,35.91,9.69,1,1649.2,1630.8,-39.2,-2.0
natural_sciences,Dublin,TU Dublin,2105,21.79,40.84,7.22,1,1865.2,1852.5,239.8,13.0
natural_sciences,Dublin,TUS,50,108.9,169.41,110.36,0,40.9,23.7,9.1,22.0
natural_sciences,Dublin,UCD,2105,34.31,55.59,11.18,1,2218.2,2209.7,-113.2,-5.0
natural_sciences,Kildare,DCU,165,65.74,97.86,37.61,0,162.9,157.9,2.1,1.0
natural_sciences,Kildare,DkIT,0,111.65,175.73,89.42,0,9.7,10.6,-9.7,-100.0
natural_sciences,Kildare,MU,610,34.25,62.85,21.19,1,640.0,641.3,-30.0,-5.0
natural_sciences,Kildare,SETU,85,59.4,123.6,47.05,0,55.6,49.0,29.4,53.0
natural_sciences,Kildare,TCD,235,70.47,78.38,36.19,0,201.5,211.8,33.5,17.0
natural_sciences,Kildare,TU Dublin,295,51.42,74.08,27.0,0,308.4,299.1,-13.4,-4.0
natural_sciences,Kildare,TUS,35,95.86,167.1,83.37,0,32.0,26.1,3.0,9.0
natural_sciences,Kildare,UCD,260,73.65,107.46,37.44,0,274.8,289.2,-14.8,-5.0
natural_sciences,Kilkenny,DCU,30,145.93,192.92,112.77,0,22.3,22.8,7.7,35.0
natural_sciences,Kilkenny,DkIT,0,150.0,242.03,169.93,0,4.6,1.3,-4.6,-100.0
natural_sciences,Kilkenny,MU,55,111.44,197.22,100.83,0,71.8,53.6,-16.8,-23.0
natural_sciences,Kilkenny,SETU,100,49.84,109.28,37.95,0,109.5,108.6,-9.5,-9.0
natural_sciences,Kilkenny,TCD,30,146.9,167.6,109.19,0,30.8,32.8,-0.8,-3.0
natural_sciences,Kilkenny,TU Dublin,5,135.77,167.15,99.65,0,37.2,46.9,-32.2,-87.0
natural_sciences,Kilkenny,TUS,5,136.49,238.42,107.19,0,14.2,19.9,-9.2,-65.0
natural_sciences,Kilkenny,UCD,110,148.05,194.8,107.59,0,44.6,49.2,65.4,147.0
natural_sciences,Laois,DCU,20,114.97,149.21,80.6,0,24.9,26.3,-4.9,-20.0
natural_sciences,Laois,DkIT,0,146.92,224.46,125.96,0,2.3,2.2,-2.3,-100.0
natural_sciences,Laois,MU,70,78.39,138.29,62.45,0,85.4,75.6,-15.4,-18.0
natural_sciences,Laois,SETU,70,44.17,120.44,30.87,0,57.7,55.5,12.3,21.0
natural_sciences,Laois,TCD,40,117.06,123.35,78.45,0,33.3,36.1,6.7,20.0
natural_sciences,Laois,TU Dublin,35,98.48,122.42,68.92,0,50.3,51.6,-15.3,-30.0
natural_sciences,Laois,TUS,40,83.67,160.46,64.99,0,30.4,31.7,9.6,32.0
natural_sciences,Laois,UCD,55,119.96,155.64,78.68,0,45.8,51.0,9.2,20.0
natural_sciences,Longford,DCU,10,144.12,204.62,104.86,0,6.7,7.3,3.3,49.0
natural_sciences,Longford,DkIT,0,142.69,238.14,94.42,0,1.6,3.7,-1.6,-100.0
natural_sciences,Longford,MU,40,93.91,162.85,84.35,0,34.6,22.8,5.4,16.0
natural_sciences,Longford,SETU,0,146.76,239.89,111.46,0,1.8,2.5,-1.8,-100.0
natural_sciences,Longford,TCD,5,148.58,185.02,106.75,0,8.4,8.8,-3.4,-40.0
natural_sciences,Longford,TU Dublin,10,136.23,176.81,96.04,0,10.5,13.1,-0.5,-5.0
natural_sciences,Longford,TUS,30,56.18,129.59,35.44,0,44.1,50.5,-14.1,-32.0
natural_sciences,Longford,UCD,25,149.21,214.07,110.35,0,12.3,11.2,12.7,103.0
natural_sciences,Louth,DCU,150,73.84,107.27,55.22,0,119.5,89.7,30.5,26.0
natural_sciences,Louth,DkIT,195,24.12,50.23,16.83,1,163.4,167.0,31.6,19.0
natural_sciences,Louth,MU,125,83.21,160.53,56.88,0,104.7,135.7,20.3,19.0
natural_sciences,Louth,SETU,0,137.56,233.76,121.62,0,5.1,4.4,-5.1,-100.0
natural_sciences,Louth,TCD,110,86.75,109.99,59.81,0,115.9,99.1,-5.9,-5.0
natural_sciences,Louth,TU Dublin,80,83.43,118.29,53.74,0,111.2,126.5,-31.2,-28.0
natural_sciences,Louth,TUS,0,144.09,232.15,114.52,0,7.1,9.5,-7.1,-100.0
natural_sciences,Louth,UCD,95,97.01,138.6,63.98,0,128.1,123.1,-33.1,-26.0
natural_sciences,Meath,DCU,255,58.14,104.42,36.02,0,210.3,183.5,44.7,21.0
natural_sciences,Meath,DkIT,55,66.57,138.17,48.74,0,38.3,43.6,16.7,44.0
natural_sciences,Meath,MU,405,47.92,107.67,29.1,0,329.6,366.6,75.4,23.0
natural_sciences,Meath,SETU,0,112.57,209.38,90.17,0,11.8,13.4,-11.8,-100.0
natural_sciences,Meath,TCD,205,69.28,97.0,39.46,0,215.0,210.4,-10.0,-5.0
natural_sciences,Meath,TU Dublin,235,49.72,89.28,30.56,0,334.0,294.3,-99.0,-30.0
natural_sciences,Meath,TUS,45,109.22,200.19,91.63,0,22.2,22.0,22.8,103.0
natural_sciences,Meath,UCD,195,80.06,122.03,43.65,0,233.9,261.2,-38.9,-17.0
natural_sciences,Monaghan,DCU,35,126.67,196.2,94.14,0,23.4,19.7,11.6,50.0
natural_sciences,Monaghan,DkIT,30,51.78,169.26,37.12,0,50.7,45.0,-20.7,-41.0
natural_sciences,Monaghan,MU,55,124.69,221.38,87.19,0,28.7,39.5,26.3,92.0
natural_sciences,Monaghan,SETU,0,150.0,240.0,146.1,0,3.3,1.5,-3.3,-100.0
natural_sciences,Monaghan,TCD,20,135.62,197.48,98.39,0,25.5,22.0,-5.5,-22.0
natural_sciences,Monaghan,TU Dublin,0,133.1,200.54,89.76,0,23.9,30.6,-23.9,-100.0
natural_sciences,Monaghan,TUS,5,142.81,240.0,106.85,0,7.0,9.5,-2.0,-29.0
natural_sciences,Monaghan,UCD,50,140.81,210.13,102.83,0,32.7,27.2,17.3,53.0
natural_sciences,Offaly,DCU,20,123.32,162.86,86.31,0,17.7,20.0,2.3,13.0
natural_sciences,Offaly,DkIT,0,143.64,232.87,114.16,0,2.3,2.9,-2.3,-100.0
natural_sciences,Offaly,MU,60,78.23,151.76,64.17,0,78.3,65.3,-18.3,-23.0
natural_sciences,Offaly,SETU,0,89.46,199.1,62.99,0,13.7,17.9,-13.7,-100.0
natural_sciences,Offaly,TCD,35,129.26,139.27,85.8,0,21.2,26.0,13.8,65.0
natural_sciences,Offaly,TU Dublin,10,114.54,137.66,76.98,0,28.5,36.3,-18.5,-65.0
natural_sciences,Offaly,TUS,95,48.53,112.81,39.27,0,78.8,66.6,16.2,21.0
natural_sciences,Offaly,UCD,50,131.69,168.83,87.65,0,29.5,34.9,20.5,69.0
natural_sciences,Westmeath,DCU,40,112.16,164.43,82.06,0,31.4,31.7,8.6,27.0
natural_sciences,Westmeath,DkIT,0,123.65,217.31,90.87,0,5.2,8.5,-5.2,-100.0
natural_sciences,Westmeath,MU,120,66.18,120.25,60.31,0,142.4,102.3,-22.4,-16.0
natural_sciences,Westmeath,SETU,0,117.45,226.16,84.19,0,7.6,12.5,-7.6,-100.0
natural_sciences,Westmeath,TCD,45,120.86,142.43,83.18,0,34.5,39.1,10.5,30.0
natural_sciences,Westmeath,TU Dublin,35,101.37,136.73,72.95,0,53.5,57.2,-18.5,-35.0
natural_sciences,Westmeath,TUS,130,44.72,112.99,33.0,1,149.4,168.5,-19.4,-13.0
natural_sciences,Westmeath,UCD,100,124.7,171.25,86.3,0,46.1,50.3,53.9,117.0
natural_sciences,Wicklow,DCU,55,83.13,119.79,41.14,0,79.9,112.3,-24.9,-31.0
natural_sciences,Wicklow,DkIT,0,124.2,190.5,109.35,0,5.5,4.4,-5.5,-100.0
natural_sciences,Wicklow,MU,110,67.47,138.65,49.08,0,147.3,138.6,-37.3,-25.0
natural_sciences,Wicklow,SETU,45,90.16,201.87,56.32,0,18.3,29.0,26.7,146.0
natural_sciences,Wicklow,TCD,155,73.17,91.41,36.82,0,153.0,165.5,2.0,1.0
natural_sciences,Wicklow,TU Dublin,215,62.17,104.39,33.54,0,184.3,193.0,30.7,17.0
natural_sciences,Wicklow,TUS,5,135.23,218.36,124.02,0,8.2,5.6,-3.2,-39.0
natural_sciences,Wicklow,UCD,330,62.11,93.21,32.98,0,318.5,266.6,11.5,4.0
engineering,Carlow,DCU,20,120.16,170.5,78.7,0,4.5,5.4,15.5,344.0
engineering,Carlow,DkIT,0,148.08,240.0,140.08,0,2.2,1.1,-2.2,-100.0
engineering,Carlow,MU,5,83.27,168.69,69.64,0,5.6,4.0,-0.6,-11.0
engineering,Carlow,SETU,310,21.45,58.0,11.43,1,343.0,327.3,-33.0,-10.0
engineering,Carlow,TCD,10,122.04,146.09,74.86,0,5.9,7.8,4.1,69.0
engineering,Carlow,TU Dublin,35,103.2,142.92,65.56,0,40.1,50.0,-5.1,-13.0
engineering,Carlow,TUS,0,131.43,240.0,102.33,0,3.2,4.2,-3.2,-100.0
engineering,Carlow,UCD,35,124.49,170.89,72.92,0,10.4,15.2,24.6,237.0
engineering,Dublin,DCU,550,28.8,52.91,10.25,1,642.9,659.3,-92.9,-14.0
engineering,Dublin,DkIT,105,81.69,130.25,72.57,0,103.4,90.9,1.6,2.0
engineering,Dublin,MU,170,36.3,59.5,22.82,0,138.1,158.1,31.9,23.0
engineering,Dublin,SETU,125,87.21,155.33,73.62,0,159.8,153.4,-34.8,-22.0
engineering,Dublin,TCD,875,30.67,35.91,9.69,1,836.7,831.2,38.3,5.0
engineering,Dublin,TU Dublin,4290,21.79,40.84,7.22,1,4148.0,4141.5,142.0,3.0
engineering,Dublin,TUS,5,108.9,169.41,110.36,0,36.0,20.6,-31.0,-86.0
engineering,Dublin,UCD,1370,34.31,55.59,11.18,1,1425.0,1435.0,-55.0,-4.0
engineering,Kildare,DCU,110,65.74,97.86,37.61,0,94.8,94.6,15.2,16.0
engineering,Kildare,DkIT,5,111.65,175.73,89.42,0,26.4,26.7,-21.4,-81.0
engineering,Kildare,MU,135,34.25,62.85,21.19,1,136.8,127.8,-1.8,-1.0
engineering,Kildare,SETU,345,59.4,123.6,47.05,0,263.7,230.6,81.3,31.0
engineering,Kildare,TCD,125,70.47,78.38,36.19,0,112.5,123.2,12.5,11.0
engineering,Kildare,TU Dublin,715,51.42,74.08,27.0,0,774.6,790.8,-59.6,-8.0
engineering,Kildare,TUS,20,95.86,167.1,83.37,0,36.9,31.5,-16.9,-46.0
engineering,Kildare,UCD,185,73.65,107.46,37.44,0,194.4,214.7,-9.4,-5.0
engineering,Kilkenny,DCU,15,145.93,192.92,112.77,0,6.9,6.0,8.1,117.0
engineering,Kilkenny,DkIT,0,150.0,242.03,169.93,0,7.4,1.4,-7.4,-100.0
engineering,Kilkenny,MU,5,111.44,197.22,100.83,0,7.9,5.0,-2.9,-37.0
engineering,Kilkenny,SETU,315,49.84,109.28,37.95,0,348.0,348.8,-33.0,-9.0
engineering,Kilkenny,TCD,5,146.9,167.6,109.19,0,9.2,8.5,-4.2,-46.0
engineering,Kilkenny,TU Dublin,25,135.77,167.15,99.65,0,49.1,55.1,-24.1,-49.0
engineering,Kilkenny,TUS,0,136.49,238.42,107.19,0,9.6,13.8,-9.6,-100.0
engineering,Kilkenny,UCD,90,148.05,194.8,107.59,0,17.0,16.4,73.0,429.0
engineering,Laois,DCU,15,114.97,149.21,80.6,0,8.7,8.6,6.3,72.0
engineering,Laois,DkIT,0,146.92,224.46,125.96,0,3.8,3.1,-3.8,-100.0
engineering,Laois,MU,5,78.39,138.29,62.45,0,10.7,9.0,-5.7,-53.0
engineering,Laois,SETU,160,44.17,120.44,30.87,0,194.8,193.8,-34.8,-18.0
engineering,Laois,TCD,15,117.06,123.35,78.45,0,11.3,11.5,3.7,33.0
engineering,Laois,TU Dublin,80,98.48,122.42,68.92,0,76.4,74.6,3.6,5.0
engineering,Laois,TUS,35,83.67,160.46,64.99,0,24.7,28.8,10.3,42.0
engineering,Laois,UCD,40,119.96,155.64,78.68,0,19.6,20.8,20.4,104.0
engineering,Longford,DCU,5,144.12,204.62,104.86,0,2.9,2.3,2.1,72.0
engineering,Longford,DkIT,0,142.69,238.14,94.42,0,3.8,6.7,-3.8,-100.0
engineering,Longford,MU,0,93.91,162.85,84.35,0,5.6,2.6,-5.6,-100.0
engineering,Longford,SETU,5,146.76,239.89,111.46,0,6.1,6.2,-1.1,-18.0
engineering,Longford,TCD,0,148.58,185.02,106.75,0,3.5,2.6,-3.5,-100.0
engineering,Longford,TU Dublin,25,136.23,176.81,96.04,0,19.5,17.7,5.5,28.0
engineering,Longford,TUS,60,56.18,129.59,35.44,0,51.9,57.8,8.1,16.0
engineering,Longford,UCD,5,149.21,214.07,110.35,0,6.6,4.2,-1.6,-24.0
engineering,Louth,DCU,75,73.84,107.27,55.22,0,59.5,43.1,15.5,26.0
engineering,Louth,DkIT,505,24.12,50.23,16.83,1,502.6,499.0,2.4,0.0
engineering,Louth,MU,20,83.21,160.53,56.88,0,16.6,21.5,3.4,20.0
engineering,Louth,SETU,20,137.56,233.76,121.62,0,17.2,12.3,2.8,16.0
engineering,Louth,TCD,35,86.75,109.99,59.81,0,54.1,44.8,-19.1,-35.0
engineering,Louth,TU Dublin,230,83.43,118.29,53.74,0,224.3,255.7,5.7,3.0
engineering,Louth,TUS,0,144.09,232.15,114.52,0,6.3,8.6,-6.3,-100.0
engineering,Louth,UCD,70,97.01,138.6,63.98,0,74.4,69.9,-4.4,-6.0
engineering,Meath,DCU,165,58.14,104.42,36.02,0,124.3,113.2,40.7,33.0
engineering,Meath,DkIT,185,66.57,138.17,48.74,0,116.2,138.9,68.8,59.0
engineering,Meath,MU,60,47.92,107.67,29.1,0,65.4,77.7,-5.4,-8.0
engineering,Meath,SETU,45,112.57,209.38,90.17,0,48.5,51.2,-3.5,-7.0
engineering,Meath,TCD,100,69.28,97.0,39.46,0,119.9,122.7,-19.9,-17.0
engineering,Meath,TU Dublin,805,49.72,89.28,30.56,0,839.3,778.9,-34.3,-4.0
engineering,Meath,TUS,35,109.22,200.19,91.63,0,24.5,26.0,10.5,43.0
engineering,Meath,UCD,105,80.06,122.03,43.65,0,162.1,191.4,-57.1,-35.0
engineering,Monaghan,DCU,15,126.67,196.2,94.14,0,10.7,8.6,4.3,40.0
engineering,Monaghan,DkIT,145,51.78,169.26,37.12,0,148.2,146.2,-3.2,-2.0
engineering,Monaghan,MU,5,124.69,221.38,87.19,0,4.3,5.9,0.7,16.0
engineering,Monaghan,SETU,0,150.0,240.0,146.1,0,11.4,4.2,-11.4,-100.0
engineering,Monaghan,TCD,15,135.62,197.48,98.39,0,11.1,9.1,3.9,35.0
engineering,Monaghan,TU Dublin,50,133.1,200.54,89.76,0,44.8,57.0,5.2,12.0
engineering,Monaghan,TUS,0,142.81,240.0,106.85,0,6.6,10.0,-6.6,-100.0
engineering,Monaghan,UCD,25,140.81,210.13,102.83,0,18.0,14.0,7.0,39.0
engineering,Offaly,DCU,10,123.32,162.86,86.31,0,9.2,8.6,0.8,9.0
engineering,Offaly,DkIT,0,143.64,232.87,114.16,0,5.8,6.0,-5.8,-100.0
engineering,Offaly,MU,25,78.23,151.76,64.17,0,14.9,10.5,10.1,68.0
engineering,Offaly,SETU,35,89.46,199.1,62.99,0,62.2,72.2,-27.2,-44.0
engineering,Offaly,TCD,0,129.26,139.27,85.8,0,10.5,10.9,-10.5,-100.0
engineering,Offaly,TU Dublin,35,114.54,137.66,76.98,0,62.7,68.8,-27.7,-44.0
engineering,Offaly,TUS,160,48.53,112.81,39.27,0,106.2,94.5,53.8,51.0
engineering,Offaly,UCD,25,131.69,168.83,87.65,0,18.5,18.5,6.5,35.0
engineering,Westmeath,DCU,25,112.16,164.43,82.06,0,17.1,14.1,7.9,46.0
engineering,Westmeath,DkIT,5,123.65,217.31,90.87,0,14.5,20.0,-9.5,-66.0
engineering,Westmeath,MU,20,66.18,120.25,60.31,0,28.5,16.9,-8.5,-30.0
engineering,Westmeath,SETU,15,117.45,226.16,84.19,0,32.6,45.2,-17.6,-54.0
engineering,Westmeath,TCD,30,120.86,142.43,83.18,0,17.8,16.7,12.2,69.0
engineering,Westmeath,TU Dublin,95,101.37,136.73,72.95,0,124.5,111.2,-29.5,-24.0
engineering,Westmeath,TUS,215,44.72,112.99,33.0,1,214.8,228.9,0.2,0.0
engineering,Westmeath,UCD,75,124.7,171.25,86.3,0,30.2,27.1,44.8,148.0
engineering,Wicklow,DCU,25,83.13,119.79,41.14,0,48.6,66.2,-23.6,-49.0
engineering,Wicklow,DkIT,0,124.2,190.5,109.35,0,15.8,10.1,-15.8,-100.0
engineering,Wicklow,MU,15,67.47,138.65,49.08,0,30.4,26.0,-15.4,-51.0
engineering,Wicklow,SETU,200,90.16,201.87,56.32,0,87.7,129.9,112.3,128.0
engineering,Wicklow,TCD,75,73.17,91.41,36.82,0,92.6,96.1,-17.6,-19.0
engineering,Wicklow,TU Dublin,510,62.17,104.39,33.54,0,491.8,493.6,18.2,4.0
engineering,Wicklow,TUS,0,135.23,218.36,124.02,0,9.3,5.4,-9.3,-100.0
engineering,Wicklow,UCD,205,62.11,93.21,32.98,0,253.8,202.8,-48.8,-19.0
business,Carlow,DCU,60,120.16,170.5,78.7,0,18.2,23.8,41.8,230.0
business,Carlow,DkIT,0,148.08,240.0,140.08,0,2.8,1.5,-2.8,-100.0
business,Carlow,MU,95,83.27,168.69,69.64,0,76.8,57.5,18.2,24.0
business,Carlow,SETU,520,21.45,58.0,11.43,1,583.9,568.0,-63.9,-11.0
business,Carlow,TCD,5,122.04,146.09,74.86,0,6.8,9.8,-1.8,-26.0
business,Carlow,TU Dublin,35,103.2,142.92,65.56,0,48.2,64.0,-13.2,-27.0
business,Carlow,TUS,0,131.43,240.0,102.33,0,3.3,4.0,-3.3,-100.0
business,Carlow,UCD,45,124.49,170.89,72.92,0,19.9,31.5,25.1,126.0
business,Dublin,DCU,2425,28.8,52.91,10.25,1,2856.5,2913.3,-431.5,-15.0
business,Dublin,DkIT,110,81.69,130.25,72.57,0,144.6,122.2,-34.6,-24.0
business,Dublin,MU,2130,36.3,59.5,22.82,0,2058.3,2150.5,71.7,3.0
business,Dublin,SETU,220,87.21,155.33,73.62,0,270.1,240.2,-50.1,-19.0
business,Dublin,TCD,1045,30.67,35.91,9.69,1,1071.4,1059.1,-26.4,-2.0
business,Dublin,TU Dublin,6025,21.79,40.84,7.22,1,5411.7,5353.3,613.3,11.0
business,Dublin,TUS,10,108.9,169.41,110.36,0,39.2,18.7,-29.2,-74.0
business,Dublin,UCD,2885,34.31,55.59,11.18,1,2998.3,2992.8,-113.3,-4.0
business,Kildare,DCU,360,65.74,97.86,37.61,0,295.5,296.8,64.5,22.0
business,Kildare,DkIT,0,111.65,175.73,89.42,0,24.9,26.8,-24.9,-100.0
business,Kildare,MU,1255,34.25,62.85,21.19,1,1365.5,1368.9,-110.5,-8.0
business,Kildare,SETU,445,59.4,123.6,47.05,0,323.4,270.9,121.6,38.0
business,Kildare,TCD,135,70.47,78.38,36.19,0,100.7,111.5,34.3,34.0
business,Kildare,TU Dublin,625,51.42,74.08,27.0,0,715.5,726.0,-90.5,-13.0
business,Kildare,TUS,10,95.86,167.1,83.37,0,28.6,21.4,-18.6,-65.0
business,Kildare,UCD,310,73.65,107.46,37.44,0,286.1,317.8,23.9,8.0
business,Kilkenny,DCU,75,145.93,192.92,112.77,0,26.9,27.8,48.1,179.0
business,Kilkenny,DkIT,0,150.0,242.03,169.93,0,9.2,2.0,-9.2,-100.0
business,Kilkenny,MU,100,111.44,197.22,100.83,0,104.6,74.8,-4.6,-4.0
business,Kilkenny,SETU,545,49.84,109.28,37.95,0,600.5,609.6,-55.5,-9.0
business,Kilkenny,TCD,15,146.9,167.6,109.19,0,10.4,11.3,4.6,44.0
business,Kilkenny,TU Dublin,20,135.77,167.15,99.65,0,56.7,74.7,-36.7,-65.0
business,Kilkenny,TUS,0,136.49,238.42,107.19,0,9.8,13.9,-9.8,-100.0
business,Kilkenny,UCD,95,148.05,194.8,107.59,0,31.7,35.9,63.3,200.0
business,Laois,DCU,45,114.97,149.21,80.6,0,34.1,37.6,10.9,32.0
business,Laois,DkIT,0,146.92,224.46,125.96,0,4.6,4.3,-4.6,-100.0
business,Laois,MU,140,78.39,138.29,62.45,0,142.1,127.8,-2.1,-1.0
business,Laois,SETU,345,44.17,120.44,30.87,0,325.2,319.8,19.8,6.0
business,Laois,TCD,20,117.06,123.35,78.45,0,12.7,14.5,7.3,57.0
business,Laois,TU Dublin,40,98.48,122.42,68.92,0,88.9,95.6,-48.9,-55.0
business,Laois,TUS,20,83.67,160.46,64.99,0,25.9,27.4,-5.9,-23.0
business,Laois,UCD,60,119.96,155.64,78.68,0,36.4,43.0,23.6,65.0
business,Longford,DCU,50,144.12,204.62,104.86,0,18.2,20.0,31.8,175.0
business,Longford,DkIT,0,142.69,238.14,94.42,0,7.5,18.9,-7.5,-100.0
business,Longford,MU,105,93.91,162.85,84.35,0,120.2,74.5,-15.2,-13.0
business,Longford,SETU,5,146.76,239.89,111.46,0,14.8,20.3,-9.8,-66.0
business,Longford,TCD,5,148.58,185.02,106.75,0,6.3,6.6,-1.3,-21.0
business,Longford,TU Dublin,30,136.23,176.81,96.04,0,35.6,45.8,-5.6,-16.0
business,Longford,TUS,80,56.18,129.59,35.44,0,93.0,111.5,-13.0,-14.0
business,Longford,UCD,40,149.21,214.07,110.35,0,19.4,17.3,20.6,106.0
business,Louth,DCU,295,73.84,107.27,55.22,0,260.7,184.0,34.3,13.0
business,Louth,DkIT,785,24.12,50.23,16.83,1,716.9,722.3,68.1,9.0
business,Louth,MU,325,83.21,160.53,56.88,0,232.2,296.5,92.8,40.0
business,Louth,SETU,35,137.56,233.76,121.62,0,27.1,19.6,7.9,29.0
business,Louth,TCD,45,86.75,109.99,59.81,0,67.5,55.1,-22.5,-33.0
business,Louth,TU Dublin,160,83.43,118.29,53.74,0,282.8,318.9,-122.8,-43.0
business,Louth,TUS,0,144.09,232.15,114.52,0,6.6,8.0,-6.6,-100.0
business,Louth,UCD,100,97.01,138.6,63.98,0,151.2,140.7,-51.2,-34.0
business,Meath,DCU,595,58.14,104.42,36.02,0,427.4,372.6,167.6,39.0
business,Meath,DkIT,210,66.57,138.17,48.74,0,126.7,146.9,83.3,66.0
business,Meath,MU,840,47.92,107.67,29.1,0,734.8,830.1,105.2,14.0
business,Meath,SETU,65,112.57,209.38,90.17,0,60.8,62.9,4.2,7.0
business,Meath,TCD,110,69.28,97.0,39.46,0,117.4,116.5,-7.4,-6.0
business,Meath,TU Dublin,560,49.72,89.28,30.56,0,848.9,750.4,-288.9,-34.0
business,Meath,TUS,15,109.22,200.19,91.63,0,20.4,18.5,-5.4,-26.0
business,Meath,UCD,200,80.06,122.03,43.65,0,258.5,297.2,-58.5,-23.0
business,Monaghan,DCU,85,126.67,196.2,94.14,0,44.4,36.6,40.6,91.0
business,Monaghan,DkIT,180,51.78,169.26,37.12,0,216.2,200.8,-36.2,-17.0
business,Monaghan,MU,80,124.69,221.38,87.19,0,57.9,81.7,22.1,38.0
business,Monaghan,SETU,0,150.0,240.0,146.1,0,18.0,6.7,-18.0,-100.0
business,Monaghan,TCD,10,135.62,197.48,98.39,0,13.1,11.1,-3.1,-24.0
business,Monaghan,TU Dublin,35,133.1,200.54,89.76,0,53.6,70.8,-18.6,-35.0
business,Monaghan,TUS,0,142.81,240.0,106.85,0,6.9,9.2,-6.9,-100.0
business,Monaghan,UCD,55,140.81,210.13,102.83,0,34.9,28.1,20.1,58.0
business,Offaly,DCU,50,123.32,162.86,86.31,0,36.1,40.2,13.9,39.0
business,Offaly,DkIT,0,143.64,232.87,114.16,0,7.2,9.0,-7.2,-100.0
business,Offaly,MU,190,78.23,151.76,64.17,0,200.1,159.1,-10.1,-5.0
business,Offaly,SETU,75,89.46,199.1,62.99,0,99.5,126.4,-24.5,-25.0
business,Offaly,TCD,20,129.26,139.27,85.8,0,11.8,14.6,8.2,69.0
business,Offaly,TU Dublin,40,114.54,137.66,76.98,0,72.6,93.7,-32.6,-45.0
business,Offaly,TUS,160,48.53,112.81,39.27,0,118.3,96.3,41.7,35.0
business,Offaly,UCD,45,131.69,168.83,87.65,0,34.4,40.7,10.6,31.0
business,Westmeath,DCU,80,112.16,164.43,82.06,0,52.2,54.1,27.8,53.0
business,Westmeath,DkIT,5,123.65,217.31,90.87,0,14.0,24.7,-9.0,-64.0
business,Westmeath,MU,225,66.18,120.25,60.31,0,298.2,211.1,-73.2,-25.0
business,Westmeath,SETU,35,117.45,226.16,84.19,0,38.7,65.1,-3.7,-10.0
business,Westmeath,TCD,30,120.86,142.43,83.18,0,15.6,18.5,14.4,92.0
business,Westmeath,TU Dublin,55,101.37,136.73,72.95,0,112.3,125.1,-57.3,-51.0
business,Westmeath,TUS,240,44.72,112.99,33.0,1,175.9,202.3,64.1,36.0
business,Westmeath,UCD,80,124.7,171.25,86.3,0,43.3,49.1,36.7,85.0
business,Wicklow,DCU,105,83.13,119.79,41.14,0,154.7,218.3,-49.7,-32.0
business,Wicklow,DkIT,0,124.2,190.5,109.35,0,15.3,10.6,-15.3,-100.0
business,Wicklow,MU,225,67.47,138.65,49.08,0,319.3,277.6,-94.3,-30.0
business,Wicklow,SETU,180,90.16,201.87,56.32,0,108.1,160.5,71.9,67.0
business,Wicklow,TCD,80,73.17,91.41,36.82,0,86.3,91.5,-6.3,-7.0
business,Wicklow,TU Dublin,570,62.17,104.39,33.54,0,468.3,476.7,101.7,22.0
business,Wicklow,TUS,0,135.23,218.36,124.02,0,7.2,3.9,-7.2,-100.0
business,Wicklow,UCD,395,62.11,93.21,32.98,0,395.8,316.0,-0.8,-0.0
health,Carlow,DCU,35,120.16,170.5,78.7,0,15.3,18.6,19.7,129.0
health,Carlow,DkIT,0,148.08,240.0,140.08,0,5.0,2.6,-5.0,-100.0
health,Carlow,MU,0,83.27,168.69,69.64,0,4.3,3.3,-4.3,-100.0
health,Carlow,SETU,300,21.45,58.0,11.43,1,353.1,324.8,-53.1,-15.0
health,Carlow,TCD,55,122.04,146.09,74.86,0,28.9,37.9,26.1,90.0
health,Carlow,TU Dublin,15,103.2,142.92,65.56,0,24.4,30.1,-9.4,-39.0
health,Carlow,TUS,5,131.43,240.0,102.33,0,10.0,13.3,-5.0,-50.0
health,Carlow,UCD,55,124.49,170.89,72.92,0,24.0,34.5,31.0,129.0
health,Dublin,DCU,1190,28.8,52.91,10.25,1,1316.7,1355.7,-126.7,-10.0
health,Dublin,DkIT,175,81.69,130.25,72.57,0,161.6,148.4,13.4,8.0
health,Dublin,MU,165,36.3,59.5,22.82,0,77.5,92.1,87.5,113.0
health,Dublin,SETU,95,87.21,155.33,73.62,0,171.4,177.9,-76.4,-45.0
health,Dublin,TCD,2375,30.67,35.91,9.69,1,2487.1,2471.2,-112.1,-5.0
health,Dublin,TU Dublin,1810,21.79,40.84,7.22,1,1555.3,1550.4,254.7,16.0
health,Dublin,TUS,50,108.9,169.41,110.36,0,86.9,57.2,-36.9,-42.0
health,Dublin,UCD,1990,34.31,55.59,11.18,1,1993.4,1997.2,-3.4,-0.0
health,Kildare,DCU,185,65.74,97.86,37.61,0,225.6,222.7,-40.6,-18.0
health,Kildare,DkIT,15,111.65,175.73,89.42,0,43.1,43.1,-28.1,-65.0
health,Kildare,MU,40,34.25,62.85,21.19,1,68.0,62.3,-28.0,-41.0
health,Kildare,SETU,370,59.4,123.6,47.05,0,258.4,228.4,111.6,43.0
health,Kildare,TCD,550,70.47,78.38,36.19,0,391.1,418.1,158.9,41.0
health,Kildare,TU Dublin,220,51.42,74.08,27.0,0,331.8,330.1,-111.8,-34.0
health,Kildare,TUS,75,95.86,167.1,83.37,0,84.1,74.5,-9.1,-11.0
health,Kildare,UCD,265,73.65,107.46,37.44,0,317.8,340.7,-52.8,-17.0
health,Kilkenny,DCU,40,145.93,192.92,112.77,0,30.2,27.9,9.8,32.0
health,Kilkenny,DkIT,5,150.0,242.03,169.93,0,20.2,4.5,-15.2,-75.0
health,Kilkenny,MU,5,111.44,197.22,100.83,0,7.9,5.4,-2.9,-37.0
health,Kilkenny,SETU,520,49.84,109.28,37.95,0,511.2,510.9,8.8,2.0
health,Kilkenny,TCD,50,146.9,167.6,109.19,0,58.7,56.4,-8.7,-15.0
health,Kilkenny,TU Dublin,30,135.77,167.15,99.65,0,39.2,45.1,-9.2,-23.0
health,Kilkenny,TUS,5,136.49,238.42,107.19,0,36.9,54.0,-31.9,-86.0
health,Kilkenny,UCD,100,148.05,194.8,107.59,0,50.7,50.7,49.3,97.0
health,Laois,DCU,40,114.97,149.21,80.6,0,33.6,33.1,6.4,19.0
health,Laois,DkIT,0,146.92,224.46,125.96,0,9.7,8.0,-9.7,-100.0
health,Laois,MU,0,78.39,138.29,62.45,0,9.4,8.0,-9.4,-100.0
health,Laois,SETU,245,44.17,120.44,30.87,0,266.0,257.1,-21.0,-8.0
health,Laois,TCD,85,117.06,123.35,78.45,0,63.0,63.8,22.0,35.0
health,Laois,TU Dublin,25,98.48,122.42,68.92,0,52.7,50.9,-27.7,-53.0
health,Laois,TUS,120,83.67,160.46,64.99,0,79.0,90.4,41.0,52.0
health,Laois,UCD,50,119.96,155.64,78.68,0,51.6,53.8,-1.6,-3.0
health,Longford,DCU,30,144.12,204.62,104.86,0,13.5,10.8,16.5,122.0
health,Longford,DkIT,5,142.69,238.14,94.42,0,10.6,17.5,-5.6,-53.0
health,Longford,MU,0,93.91,162.85,84.35,0,5.6,2.8,-5.6,-100.0
health,Longford,SETU,0,146.76,239.89,111.46,0,11.8,12.2,-11.8,-100.0
health,Longford,TCD,30,148.58,185.02,106.75,0,23.5,18.1,6.5,28.0
health,Longford,TU Dublin,5,136.23,176.81,96.04,0,16.3,15.0,-11.3,-69.0
health,Longford,TUS,165,56.18,129.59,35.44,0,173.1,185.1,-8.1,-5.0
health,Longford,UCD,40,149.21,214.07,110.35,0,20.6,13.6,19.4,94.0
health,Louth,DCU,165,73.84,107.27,55.22,0,137.8,112.4,27.2,20.0
health,Louth,DkIT,660,24.12,50.23,16.83,1,584.2,588.4,75.8,13.0
health,Louth,MU,10,83.21,160.53,56.88,0,9.7,13.7,0.3,3.0
health,Louth,SETU,25,137.56,233.76,121.62,0,19.3,16.4,5.7,30.0
health,Louth,TCD,135,86.75,109.99,59.81,0,186.9,171.8,-51.9,-28.0
health,Louth,TU Dublin,80,83.43,118.29,53.74,0,98.9,121.9,-18.9,-19.0
health,Louth,TUS,20,144.09,232.15,114.52,0,15.4,23.6,4.6,30.0
health,Louth,UCD,80,97.01,138.6,63.98,0,122.8,126.7,-42.8,-35.0
health,Meath,DCU,335,58.14,104.42,36.02,0,267.3,238.8,67.7,25.0
health,Meath,DkIT,240,66.57,138.17,48.74,0,157.1,176.1,82.9,53.0
health,Meath,MU,20,47.92,107.67,29.1,0,33.8,39.0,-13.8,-41.0
health,Meath,SETU,35,112.57,209.38,90.17,0,49.5,53.1,-14.5,-29.0
health,Meath,TCD,315,69.28,97.0,39.46,0,382.4,379.6,-67.4,-18.0
health,Meath,TU Dublin,325,49.72,89.28,30.56,0,329.4,296.7,-4.4,-1.0
health,Meath,TUS,80,109.22,200.19,91.63,0,53.1,57.0,26.9,51.0
health,Meath,UCD,170,80.06,122.03,43.65,0,247.4,279.7,-77.4,-31.0
health,Monaghan,DCU,55,126.67,196.2,94.14,0,30.1,26.9,24.9,83.0
health,Monaghan,DkIT,165,51.78,169.26,37.12,0,215.6,215.3,-50.6,-23.0
health,Monaghan,MU,0,124.69,221.38,87.19,0,3.0,4.4,-3.0,-100.0
health,Monaghan,SETU,5,150.0,240.0,146.1,0,14.2,6.4,-9.2,-65.0
health,Monaghan,TCD,45,135.62,197.48,98.39,0,46.0,41.6,-1.0,-2.0
health,Monaghan,TU Dublin,45,133.1,200.54,89.76,0,23.8,32.2,21.2,89.0
health,Monaghan,TUS,25,142.81,240.0,106.85,0,17.1,27.8,7.9,46.0
health,Monaghan,UCD,45,140.81,210.13,102.83,0,35.2,30.4,9.8,28.0
health,Offaly,DCU,50,123.32,162.86,86.31,0,38.0,37.6,12.0,32.0
health,Offaly,DkIT,0,143.64,232.87,114.16,0,15.6,16.5,-15.6,-100.0
health,Offaly,MU,10,78.23,151.76,64.17,0,13.7,10.4,-3.7,-27.0
health,Offaly,SETU,65,89.46,199.1,62.99,0,99.4,118.3,-34.4,-35.0
health,Offaly,TCD,80,129.26,139.27,85.8,0,63.5,68.5,16.5,26.0
health,Offaly,TU Dublin,25,114.54,137.66,76.98,0,47.3,53.4,-22.3,-47.0
health,Offaly,TUS,355,48.53,112.81,39.27,0,329.6,300.7,25.4,8.0
health,Offaly,UCD,75,131.69,168.83,87.65,0,52.8,54.7,22.2,42.0
health,Westmeath,DCU,65,112.16,164.43,82.06,0,50.4,42.5,14.6,29.0
health,Westmeath,DkIT,0,123.65,217.31,90.87,0,27.0,35.9,-27.0,-100.0
health,Westmeath,MU,10,66.18,120.25,60.31,0,18.6,11.6,-8.6,-46.0
health,Westmeath,SETU,5,117.45,226.16,84.19,0,40.7,56.0,-35.7,-88.0
health,Westmeath,TCD,120,120.86,142.43,83.18,0,77.6,73.2,42.4,55.0
health,Westmeath,TU Dublin,40,101.37,136.73,72.95,0,66.7,59.9,-26.7,-40.0
health,Westmeath,TUS,435,44.72,112.99,33.0,1,442.2,450.0,-7.2,-2.0
health,Westmeath,UCD,110,124.7,171.25,86.3,0,61.8,56.0,48.2,78.0
health,Wicklow,DCU,60,83.13,119.79,41.14,0,91.4,122.9,-31.4,-34.0
health,Wicklow,DkIT,5,124.2,190.5,109.35,0,20.2,13.6,-15.2,-75.0
health,Wicklow,MU,5,67.47,138.65,49.08,0,13.6,12.1,-8.6,-63.0
health,Wicklow,SETU,200,90.16,201.87,56.32,0,70.1,103.6,129.9,185.0
health,Wicklow,TCD,215,73.17,91.41,36.82,0,246.2,254.8,-31.2,-13.0
health,Wicklow,TU Dublin,130,62.17,104.39,33.54,0,164.1,164.4,-34.1,-21.0
health,Wicklow,TUS,10,135.23,218.36,124.02,0,17.6,11.5,-7.6,-43.0
health,Wicklow,UCD,305,62.11,93.21,32.98,0,306.7,247.1,-1.7,-1.0
arts,Carlow,DCU,65,120.16,170.5,78.7,0,28.9,36.3,36.1,125.0
arts,Carlow,DkIT,0,148.08,240.0,140.08,0,2.0,1.0,-2.0,-100.0
arts,Carlow,MU,130,83.27,168.69,69.64,0,141.8,102.1,-11.8,-8.0
arts,Carlow,SETU,175,21.45,58.0,11.43,1,195.7,188.3,-20.7,-11.0
arts,Carlow,TCD,30,122.04,146.09,74.86,0,27.2,37.4,2.8,10.0
arts,Carlow,TU Dublin,30,103.2,142.92,65.56,0,39.0,49.8,-9.0,-23.0
arts,Carlow,TUS,0,131.43,240.0,102.33,0,2.2,2.3,-2.2,-100.0
arts,Carlow,UCD,45,124.49,170.89,72.92,0,38.0,57.8,7.0,18.0
arts,Dublin,DCU,2075,28.8,52.91,10.25,1,2260.0,2316.8,-185.0,-8.0
arts,Dublin,DkIT,85,81.69,130.25,72.57,0,60.0,46.8,25.0,42.0
arts,Dublin,MU,2180,36.3,59.5,22.82,0,2154.3,2204.8,25.7,1.0
arts,Dublin,SETU,20,87.21,155.33,73.62,0,56.2,46.4,-36.2,-64.0
arts,Dublin,TCD,2210,30.67,35.91,9.69,1,2130.0,2100.9,80.0,4.0
arts,Dublin,TU Dublin,2250,21.79,40.84,7.22,1,2174.5,2143.6,75.5,3.0
arts,Dublin,TUS,5,108.9,169.41,110.36,0,14.8,5.8,-9.8,-66.0
arts,Dublin,UCD,2880,34.31,55.59,11.18,1,2855.3,2839.8,24.7,1.0
arts,Kildare,DCU,190,65.74,97.86,37.61,0,283.8,275.2,-93.8,-33.0
arts,Kildare,DkIT,15,111.65,175.73,89.42,0,10.8,10.7,4.2,39.0
arts,Kildare,MU,1335,34.25,62.85,21.19,1,1312.8,1313.1,22.2,2.0
arts,Kildare,SETU,150,59.4,123.6,47.05,0,72.7,57.0,77.3,106.0
arts,Kildare,TCD,260,70.47,78.38,36.19,0,242.6,258.0,17.4,7.0
arts,Kildare,TU Dublin,365,51.42,74.08,27.0,0,350.3,341.7,14.7,4.0
arts,Kildare,TUS,10,95.86,167.1,83.37,0,11.5,7.3,-1.5,-13.0
arts,Kildare,UCD,290,73.65,107.46,37.44,0,330.4,352.0,-40.4,-12.0
arts,Kilkenny,DCU,70,145.93,192.92,112.77,0,34.2,36.7,35.8,105.0
arts,Kilkenny,DkIT,0,150.0,242.03,169.93,0,5.4,1.2,-5.4,-100.0
arts,Kilkenny,MU,125,111.44,197.22,100.83,0,154.7,115.4,-29.7,-19.0
arts,Kilkenny,SETU,185,49.84,109.28,37.95,0,186.9,199.8,-1.9,-1.0
arts,Kilkenny,TCD,60,146.9,167.6,109.19,0,33.3,37.4,26.7,80.0
arts,Kilkenny,TU Dublin,15,135.77,167.15,99.65,0,36.7,50.3,-21.7,-59.0
arts,Kilkenny,TUS,0,136.49,238.42,107.19,0,5.4,7.1,-5.4,-100.0
arts,Kilkenny,UCD,50,148.05,194.8,107.59,0,48.5,57.1,1.5,3.0
arts,Laois,DCU,30,114.97,149.21,80.6,0,35.9,39.5,-5.9,-16.0
arts,Laois,DkIT,0,146.92,224.46,125.96,0,2.2,2.0,-2.2,-100.0
arts,Laois,MU,170,78.39,138.29,62.45,0,174.5,157.9,-4.5,-3.0
arts,Laois,SETU,70,44.17,120.44,30.87,0,82.9,81.2,-12.9,-16.0
arts,Laois,TCD,35,117.06,123.35,78.45,0,33.6,38.1,1.4,4.0
arts,Laois,TU Dublin,45,98.48,122.42,68.92,0,47.8,51.1,-2.8,-6.0
arts,Laois,TUS,25,83.67,160.46,64.99,0,11.9,11.3,13.1,110.0
arts,Laois,UCD,60,119.96,155.64,78.68,0,46.2,54.0,13.8,30.0
arts,Longford,DCU,60,144.12,204.62,104.86,0,16.9,21.6,43.1,255.0
arts,Longford,DkIT,5,142.69,238.14,94.42,0,3.2,9.4,1.8,56.0
arts,Longford,MU,105,93.91,162.85,84.35,0,130.4,94.4,-25.4,-19.0
arts,Longford,SETU,0,146.76,239.89,111.46,0,3.2,5.0,-3.2,-100.0
arts,Longford,TCD,0,148.58,185.02,106.75,0,14.6,17.8,-14.6,-100.0
arts,Longford,TU Dublin,25,136.23,176.81,96.04,0,16.7,25.0,8.3,50.0
arts,Longford,TUS,30,56.18,129.59,35.44,0,38.4,49.8,-8.4,-22.0
arts,Longford,UCD,20,149.21,214.07,110.35,0,21.6,22.1,-1.6,-7.0
arts,Louth,DCU,375,73.84,107.27,55.22,0,260.9,187.3,114.1,44.0
arts,Louth,DkIT,280,24.12,50.23,16.83,1,293.8,306.8,-13.8,-5.0
arts,Louth,MU,310,83.21,160.53,56.88,0,264.5,347.2,45.5,17.0
arts,Louth,SETU,0,137.56,233.76,121.62,0,6.1,4.3,-6.1,-100.0
arts,Louth,TCD,100,86.75,109.99,59.81,0,168.8,139.0,-68.8,-41.0
arts,Louth,TU Dublin,145,83.43,118.29,53.74,0,142.6,163.1,2.4,2.0
arts,Louth,TUS,5,144.09,232.15,114.52,0,2.7,2.9,2.3,85.0
arts,Louth,UCD,105,97.01,138.6,63.98,0,180.6,169.4,-75.6,-42.0
arts,Meath,DCU,470,58.14,104.42,36.02,0,437.8,372.9,32.2,7.0
arts,Meath,DkIT,110,66.57,138.17,48.74,0,59.9,65.9,50.1,84.0
arts,Meath,MU,990,47.92,107.67,29.1,0,865.4,964.6,124.6,14.0
arts,Meath,SETU,5,112.57,209.38,90.17,0,14.1,13.6,-9.1,-65.0
arts,Meath,TCD,235,69.28,97.0,39.46,0,300.8,289.6,-65.8,-22.0
arts,Meath,TU Dublin,380,49.72,89.28,30.56,0,442.0,379.2,-62.0,-14.0
arts,Meath,TUS,10,109.22,200.19,91.63,0,8.7,6.7,1.3,15.0
arts,Meath,UCD,245,80.06,122.03,43.65,0,316.2,352.5,-71.2,-23.0
arts,Monaghan,DCU,115,126.67,196.2,94.14,0,52.2,42.2,62.8,120.0
arts,Monaghan,DkIT,75,51.78,169.26,37.12,0,122.2,111.7,-47.2,-39.0
arts,Monaghan,MU,105,124.69,221.38,87.19,0,77.9,109.3,27.1,35.0
arts,Monaghan,SETU,0,150.0,240.0,146.1,0,4.9,1.7,-4.9,-100.0
arts,Monaghan,TCD,15,135.62,197.48,98.39,0,38.6,31.8,-23.6,-61.0
arts,Monaghan,TU Dublin,30,133.1,200.54,89.76,0,31.7,41.1,-1.7,-5.0
arts,Monaghan,TUS,0,142.81,240.0,106.85,0,3.4,4.0,-3.4,-100.0
arts,Monaghan,UCD,40,140.81,210.13,102.83,0,49.1,38.3,-9.1,-19.0
arts,Offaly,DCU,35,123.32,162.86,86.31,0,31.2,36.7,3.8,12.0
arts,Offaly,DkIT,0,143.64,232.87,114.16,0,2.8,3.6,-2.8,-100.0
arts,Offaly,MU,220,78.23,151.76,64.17,0,202.2,171.3,17.8,9.0
arts,Offaly,SETU,15,89.46,199.1,62.99,0,20.4,27.1,-5.4,-26.0
arts,Offaly,TCD,35,129.26,139.27,85.8,0,25.6,33.2,9.4,37.0
arts,Offaly,TU Dublin,25,114.54,137.66,76.98,0,31.9,43.3,-6.9,-22.0
arts,Offaly,TUS,45,48.53,112.81,39.27,0,45.3,35.6,-0.3,-1.0
arts,Offaly,UCD,20,131.69,168.83,87.65,0,35.7,44.3,-15.7,-44.0
arts,Westmeath,DCU,65,112.16,164.43,82.06,0,49.2,56.6,15.8,32.0
arts,Westmeath,DkIT,5,123.65,217.31,90.87,0,6.1,11.6,-1.1,-18.0
arts,Westmeath,MU,300,66.18,120.25,60.31,0,328.8,260.2,-28.8,-9.0
arts,Westmeath,SETU,0,117.45,226.16,84.19,0,8.5,15.5,-8.5,-100.0
arts,Westmeath,TCD,35,120.86,142.43,83.18,0,36.7,48.1,-1.7,-5.0
arts,Westmeath,TU Dublin,45,101.37,136.73,72.95,0,53.8,66.3,-8.8,-16.0
arts,Westmeath,TUS,80,44.72,112.99,33.0,1,63.0,75.7,17.0,27.0
arts,Westmeath,UCD,65,124.7,171.25,86.3,0,48.9,61.0,16.1,33.0
arts,Wicklow,DCU,85,83.13,119.79,41.14,0,144.0,213.2,-59.0,-41.0
arts,Wicklow,DkIT,0,124.2,190.5,109.35,0,6.5,4.4,-6.5,-100.0
arts,Wicklow,MU,180,67.47,138.65,49.08,0,342.7,309.8,-162.7,-47.0
arts,Wicklow,SETU,55,90.16,201.87,56.32,0,23.4,35.3,31.6,135.0
arts,Wicklow,TCD,240,73.17,91.41,36.82,0,203.2,223.7,36.8,18.0
arts,Wicklow,TU Dublin,235,62.17,104.39,33.54,0,223.0,235.5,12.0,5.0
arts,Wicklow,TUS,0,135.23,218.36,124.02,0,2.8,1.3,-2.8,-100.0
arts,Wicklow,UCD,600,62.11,93.21,32.98,0,449.5,371.8,150.5,33.0
social_science,Carlow,DCU,25,120.16,170.5,78.7,0,10.4,12.7,14.6,140.0
social_science,Carlow,DkIT,0,148.08,240.0,140.08,0,0.6,0.2,-0.6,
social_science,Carlow,MU,35,83.27,168.69,69.64,0,39.0,24.8,-4.0,-10.0
social_science,Carlow,SETU,30,21.45,58.0,11.43,1,37.3,34.2,-7.3,-20.0
social_science,Carlow,TCD,10,122.04,146.09,74.86,0,9.2,12.7,0.8,9.0
social_science,Carlow,TU Dublin,0,103.2,142.92,65.56,0,4.8,6.2,-4.8,-100.0
social_science,Carlow,TUS,0,131.43,240.0,102.33,0,0.3,0.2,-0.3,
social_science,Carlow,UCD,20,124.49,170.89,72.92,0,18.3,28.9,1.7,9.0
social_science,Dublin,DCU,1360,28.8,52.91,10.25,1,1482.3,1513.7,-122.3,-8.0
social_science,Dublin,DkIT,25,81.69,130.25,72.57,0,26.1,15.4,-1.1,-4.0
social_science,Dublin,MU,790,36.3,59.5,22.82,0,763.2,780.9,26.8,4.0
social_science,Dublin,SETU,0,87.21,155.33,73.62,0,6.1,3.9,-6.1,-100.0
social_science,Dublin,TCD,1345,30.67,35.91,9.69,1,1309.5,1289.3,35.5,3.0
social_science,Dublin,TU Dublin,475,21.79,40.84,7.22,1,457.3,449.9,17.7,4.0
social_science,Dublin,TUS,0,108.9,169.41,110.36,0,2.1,0.5,-2.1,-100.0
social_science,Dublin,UCD,2535,34.31,55.59,11.18,1,2483.5,2476.3,51.5,2.0
social_science,Kildare,DCU,155,65.74,97.86,37.61,0,133.6,126.6,21.4,16.0
social_science,Kildare,DkIT,0,111.65,175.73,89.42,0,3.7,2.8,-3.7,-100.0
social_science,Kildare,MU,460,34.25,62.85,21.19,1,473.4,463.3,-13.4,-3.0
social_science,Kildare,SETU,15,59.4,123.6,47.05,0,9.2,6.0,5.8,63.0
social_science,Kildare,TCD,140,70.47,78.38,36.19,0,105.0,112.4,35.0,33.0
social_science,Kildare,TU Dublin,65,51.42,74.08,27.0,0,55.6,54.6,9.4,17.0
social_science,Kildare,TUS,0,95.86,167.1,83.37,0,1.7,0.8,-1.7,-100.0
social_science,Kildare,UCD,150,73.65,107.46,37.44,0,202.9,218.5,-52.9,-26.0
social_science,Kilkenny,DCU,30,145.93,192.92,112.77,0,16.6,17.5,13.4,81.0
social_science,Kilkenny,DkIT,0,150.0,242.03,169.93,0,2.5,0.3,-2.5,-100.0
social_science,Kilkenny,MU,30,111.44,197.22,100.83,0,56.4,39.3,-26.4,-47.0
social_science,Kilkenny,SETU,55,49.84,109.28,37.95,0,45.2,52.1,9.8,22.0
social_science,Kilkenny,TCD,30,146.9,167.6,109.19,0,15.3,17.3,14.7,96.0
social_science,Kilkenny,TU Dublin,0,135.77,167.15,99.65,0,5.8,8.5,-5.8,-100.0
social_science,Kilkenny,TUS,0,136.49,238.42,107.19,0,1.1,1.3,-1.1,-100.0
social_science,Kilkenny,UCD,30,148.05,194.8,107.59,0,32.0,38.7,-2.0,-6.0
social_science,Laois,DCU,15,114.97,149.21,80.6,0,14.0,15.0,1.0,7.0
social_science,Laois,DkIT,0,146.92,224.46,125.96,0,0.7,0.5,-0.7,
social_science,Laois,MU,60,78.39,138.29,62.45,0,51.8,45.8,8.2,16.0
social_science,Laois,SETU,10,44.17,120.44,30.87,0,13.5,13.0,-3.5,-26.0
social_science,Laois,TCD,10,117.06,123.35,78.45,0,12.3,13.8,-2.3,-19.0
social_science,Laois,TU Dublin,5,98.48,122.42,68.92,0,6.4,6.8,-1.4,-22.0
social_science,Laois,TUS,5,83.67,160.46,64.99,0,2.2,1.8,2.8,127.0
social_science,Laois,UCD,20,119.96,155.64,78.68,0,24.0,28.2,-4.0,-17.0
social_science,Longford,DCU,10,144.12,204.62,104.86,0,5.4,7.1,4.6,85.0
social_science,Longford,DkIT,0,142.69,238.14,94.42,0,1.0,3.4,-1.0,-100.0
social_science,Longford,MU,40,93.91,162.85,84.35,0,34.6,24.4,5.4,16.0
social_science,Longford,SETU,0,146.76,239.89,111.46,0,0.3,0.4,-0.3,
social_science,Longford,TCD,0,148.58,185.02,106.75,0,4.3,5.4,-4.3,-100.0
social_science,Longford,TU Dublin,0,136.23,176.81,96.04,0,1.7,2.8,-1.7,-100.0
social_science,Longford,TUS,0,56.18,129.59,35.44,0,8.6,12.2,-8.6,-100.0
social_science,Longford,UCD,15,149.21,214.07,110.35,0,9.1,9.3,5.9,65.0
social_science,Louth,DCU,130,73.84,107.27,55.22,0,128.8,91.8,1.2,1.0
social_science,Louth,DkIT,235,24.12,50.23,16.83,1,210.3,223.8,24.7,12.0
social_science,Louth,MU,115,83.21,160.53,56.88,0,72.6,105.7,42.4,58.0
social_science,Louth,SETU,0,137.56,233.76,121.62,0,0.5,0.3,-0.5,
social_science,Louth,TCD,35,86.75,109.99,59.81,0,72.5,60.7,-37.5,-52.0
social_science,Louth,TU Dublin,25,83.43,118.29,53.74,0,20.2,25.3,4.8,24.0
social_science,Louth,TUS,0,144.09,232.15,114.52,0,0.3,0.3,-0.3,
social_science,Louth,UCD,70,97.01,138.6,63.98,0,104.8,102.2,-34.8,-33.0
social_science,Meath,DCU,265,58.14,104.42,36.02,0,236.6,193.0,28.4,12.0
social_science,Meath,DkIT,55,66.57,138.17,48.74,0,30.3,29.3,24.7,82.0
social_science,Meath,MU,340,47.92,107.67,29.1,0,297.3,339.0,42.7,14.0
social_science,Meath,SETU,5,112.57,209.38,90.17,0,1.4,1.0,3.6,257.0
social_science,Meath,TCD,110,69.28,97.0,39.46,0,143.1,135.1,-33.1,-23.0
social_science,Meath,TU Dublin,65,49.72,89.28,30.56,0,77.3,64.6,-12.3,-16.0
social_science,Meath,TUS,0,109.22,200.19,91.63,0,1.3,0.7,-1.3,-100.0
social_science,Meath,UCD,150,80.06,122.03,43.65,0,202.7,227.3,-52.7,-26.0
social_science,Monaghan,DCU,40,126.67,196.2,94.14,0,20.5,16.7,19.5,95.0
social_science,Monaghan,DkIT,45,51.78,169.26,37.12,0,79.1,77.9,-34.1,-43.0
social_science,Monaghan,MU,25,124.69,221.38,87.19,0,18.3,29.4,6.7,37.0
social_science,Monaghan,SETU,0,150.0,240.0,146.1,0,0.4,0.1,-0.4,
social_science,Monaghan,TCD,10,135.62,197.48,98.39,0,13.5,11.3,-3.5,-26.0
social_science,Monaghan,TU Dublin,5,133.1,200.54,89.76,0,3.6,5.3,1.4,39.0
social_science,Monaghan,TUS,0,142.81,240.0,106.85,0,0.5,0.5,-0.5,
social_science,Monaghan,UCD,35,140.81,210.13,102.83,0,24.1,18.7,10.9,45.0
social_science,Offaly,DCU,15,123.32,162.86,86.31,0,10.5,12.4,4.5,43.0
social_science,Offaly,DkIT,0,143.64,232.87,114.16,0,0.8,0.9,-0.8,
social_science,Offaly,MU,50,78.23,151.76,64.17,0,54.7,46.1,-4.7,-9.0
social_science,Offaly,SETU,0,89.46,199.1,62.99,0,2.2,3.0,-2.2,-100.0
social_science,Offaly,TCD,5,129.26,139.27,85.8,0,7.8,10.6,-2.8,-36.0
social_science,Offaly,TU Dublin,5,114.54,137.66,76.98,0,3.5,5.0,1.5,43.0
social_science,Offaly,TUS,10,48.53,112.81,39.27,0,9.9,7.1,0.1,1.0
social_science,Offaly,UCD,20,131.69,168.83,87.65,0,15.6,19.9,4.4,28.0
social_science,Westmeath,DCU,40,112.16,164.43,82.06,0,20.1,23.5,19.9,99.0
social_science,Westmeath,DkIT,0,123.65,217.31,90.87,0,2.3,4.3,-2.3,-100.0
social_science,Westmeath,MU,85,66.18,120.25,60.31,0,109.1,85.6,-24.1,-22.0
social_science,Westmeath,SETU,0,117.45,226.16,84.19,0,0.9,1.6,-0.9,
social_science,Westmeath,TCD,5,120.86,142.43,83.18,0,13.4,18.4,-8.4,-63.0
social_science,Westmeath,TU Dublin,0,101.37,136.73,72.95,0,7.2,9.4,-7.2,-100.0
social_science,Westmeath,TUS,30,44.72,112.99,33.0,1,16.6,19.4,13.4,81.0
social_science,Westmeath,UCD,35,124.7,171.25,86.3,0,25.3,32.7,9.7,38.0
social_science,Wicklow,DCU,70,83.13,119.79,41.14,0,76.2,124.9,-6.2,-8.0
social_science,Wicklow,DkIT,0,124.2,190.5,109.35,0,2.6,1.2,-2.6,-100.0
social_science,Wicklow,MU,60,67.47,138.65,49.08,0,119.5,105.7,-59.5,-50.0
social_science,Wicklow,SETU,5,90.16,201.87,56.32,0,3.0,4.5,2.0,67.0
social_science,Wicklow,TCD,115,73.17,91.41,36.82,0,109.1,127.9,5.9,5.0
social_science,Wicklow,TU Dublin,40,62.17,104.39,33.54,0,41.6,46.4,-1.6,-4.0
social_science,Wicklow,TUS,0,135.23,218.36,124.02,0,0.4,0.1,-0.4,
social_science,Wicklow,UCD,440,62.11,93.21,32.98,0,377.6,319.2,62.4,17.0
education,Carlow,DCU,110,120.16,170.5,78.7,0,99.7,108.5,10.3,10.0
education,Carlow,MU,30,83.27,168.69,69.64,0,32.0,23.4,-2.0,-6.0
education,Carlow,SETU,15,21.45,58.0,11.43,1,4.0,3.0,11.0,275.0
education,Carlow,TCD,0,122.04,146.09,74.86,0,1.1,1.2,-1.1,-100.0
education,Carlow,TU Dublin,0,103.2,142.92,65.56,0,16.2,16.5,-16.2,-100.0
education,Carlow,TUS,0,131.43,240.0,102.33,0,0.4,0.5,-0.4,
education,Carlow,UCD,0,124.49,170.89,72.92,0,1.7,2.0,-1.7,-100.0
education,Dublin,DCU,1515,28.8,52.91,10.25,1,1735.3,1734.1,-220.3,-13.0
education,Dublin,MU,210,36.3,59.5,22.82,0,169.2,176.6,40.8,24.0
education,Dublin,SETU,0,87.21,155.33,73.62,0,1.2,1.9,-1.2,-100.0
education,Dublin,TCD,40,30.67,35.91,9.69,1,19.0,18.3,21.0,111.0
education,Dublin,TU Dublin,365,21.79,40.84,7.22,1,221.0,215.3,144.0,65.0
education,Dublin,TUS,5,108.9,169.41,110.36,0,1.1,1.2,3.9,355.0
education,Dublin,UCD,40,34.31,55.59,11.18,1,28.1,27.5,11.9,42.0
education,Kildare,DCU,325,65.74,97.86,37.61,0,347.6,341.4,-22.6,-7.0
education,Kildare,MU,140,34.25,62.85,21.19,1,108.5,117.6,31.5,29.0
education,Kildare,SETU,0,59.4,123.6,47.05,0,1.3,1.5,-1.3,-100.0
education,Kildare,TCD,0,70.47,78.38,36.19,0,3.6,3.7,-3.6,-100.0
education,Kildare,TU Dublin,50,51.42,74.08,27.0,0,52.9,49.3,-2.9,-5.0
education,Kildare,TUS,0,95.86,167.1,83.37,0,0.8,1.0,-0.8,
education,Kildare,UCD,5,73.65,107.46,37.44,0,5.3,5.5,-0.3,-6.0
education,Kilkenny,DCU,185,145.93,192.92,112.77,0,135.9,142.3,49.1,36.0
education,Kilkenny,MU,20,111.44,197.22,100.83,0,41.1,32.5,-21.1,-51.0
education,Kilkenny,SETU,0,49.84,109.28,37.95,0,4.6,3.3,-4.6,-100.0
education,Kilkenny,TCD,0,146.9,167.6,109.19,0,1.5,1.6,-1.5,-100.0
education,Kilkenny,TU Dublin,0,135.77,167.15,99.65,0,18.7,21.6,-18.7,-100.0
education,Kilkenny,TUS,0,136.49,238.42,107.19,0,0.8,1.1,-0.8,
education,Kilkenny,UCD,0,148.05,194.8,107.59,0,2.4,2.6,-2.4,-100.0
education,Laois,DCU,80,114.97,149.21,80.6,0,55.4,58.3,24.6,44.0
education,Laois,MU,5,78.39,138.29,62.45,0,17.6,15.1,-12.6,-72.0
education,Laois,SETU,0,44.17,120.44,30.87,0,1.0,0.8,-1.0,-100.0
education,Laois,TCD,0,117.06,123.35,78.45,0,0.6,0.6,-0.6,
education,Laois,TU Dublin,0,98.48,122.42,68.92,0,8.9,8.6,-8.9,-100.0
education,Laois,TUS,0,83.67,160.46,64.99,0,0.6,0.6,-0.6,
education,Laois,UCD,0,119.96,155.64,78.68,0,0.9,1.0,-0.9,
education,Longford,DCU,75,144.12,204.62,104.86,0,48.6,54.5,26.4,54.0
education,Longford,MU,5,93.91,162.85,84.35,0,21.6,14.8,-16.6,-77.0
education,Longford,SETU,0,146.76,239.89,111.46,0,0.1,0.3,-0.1,
education,Longford,TCD,0,148.58,185.02,106.75,0,0.5,0.5,-0.5,
education,Longford,TU Dublin,0,136.23,176.81,96.04,0,6.3,7.6,-6.3,-100.0
education,Longford,TUS,0,56.18,129.59,35.44,0,2.0,1.5,-2.0,-100.0
education,Longford,UCD,0,149.21,214.07,110.35,0,0.8,0.8,-0.8,
education,Louth,DCU,325,73.84,107.27,55.22,0,277.2,253.5,47.8,17.0
education,Louth,MU,10,83.21,160.53,56.88,0,28.7,44.2,-18.7,-65.0
education,Louth,SETU,0,137.56,233.76,121.62,0,0.2,0.4,-0.2,
education,Louth,TCD,0,86.75,109.99,59.81,0,2.3,2.4,-2.3,-100.0
education,Louth,TU Dublin,0,83.43,118.29,53.74,0,23.5,30.5,-23.5,-100.0
education,Louth,TUS,0,144.09,232.15,114.52,0,0.2,0.6,-0.2,
education,Louth,UCD,0,97.01,138.6,63.98,0,2.9,3.4,-2.9,-100.0
education,Meath,DCU,495,58.14,104.42,36.02,0,473.2,457.9,21.8,5.0
education,Meath,MU,90,47.92,107.67,29.1,0,79.0,94.7,11.0,14.0
education,Meath,SETU,0,112.57,209.38,90.17,0,0.4,0.8,-0.4,
education,Meath,TCD,0,69.28,97.0,39.46,0,4.1,4.5,-4.1,-100.0
education,Meath,TU Dublin,35,49.72,89.28,30.56,0,62.4,59.7,-27.4,-44.0
education,Meath,TUS,0,109.22,200.19,91.63,0,0.7,1.1,-0.7,
education,Meath,UCD,5,80.06,122.03,43.65,0,5.1,6.4,-0.1,-2.0
education,Monaghan,DCU,210,126.67,196.2,94.14,0,171.2,157.5,38.8,23.0
education,Monaghan,MU,5,124.69,221.38,87.19,0,23.4,32.6,-18.4,-79.0
education,Monaghan,SETU,0,150.0,240.0,146.1,0,0.3,0.3,-0.3,
education,Monaghan,TCD,0,135.62,197.48,98.39,0,1.6,1.5,-1.6,-100.0
education,Monaghan,TU Dublin,0,133.1,200.54,89.76,0,15.7,20.1,-15.7,-100.0
education,Monaghan,TUS,0,142.81,240.0,106.85,0,0.6,0.9,-0.6,
education,Monaghan,UCD,0,140.81,210.13,102.83,0,2.2,2.1,-2.2,-100.0
education,Offaly,DCU,135,123.32,162.86,86.31,0,113.4,122.2,21.6,19.0
education,Offaly,MU,40,78.23,151.76,64.17,0,44.4,34.2,-4.4,-10.0
education,Offaly,SETU,0,89.46,199.1,62.99,0,0.8,1.0,-0.8,
education,Offaly,TCD,0,129.26,139.27,85.8,0,1.1,1.3,-1.1,-100.0
education,Offaly,TU Dublin,0,114.54,137.66,76.98,0,15.1,17.2,-15.1,-100.0
education,Offaly,TUS,5,48.53,112.81,39.27,0,3.5,2.2,1.5,43.0
education,Offaly,UCD,0,131.69,168.83,87.65,0,1.7,1.9,-1.7,-100.0
education,Westmeath,DCU,145,112.16,164.43,82.06,0,144.3,156.1,0.7,0.0
education,Westmeath,MU,70,66.18,120.25,60.31,0,57.8,43.3,12.2,21.0
education,Westmeath,SETU,0,117.45,226.16,84.19,0,0.4,0.8,-0.4,
education,Westmeath,TCD,0,120.86,142.43,83.18,0,1.3,1.6,-1.3,-100.0
education,Westmeath,TU Dublin,10,101.37,136.73,72.95,0,20.2,21.9,-10.2,-50.0
education,Westmeath,TUS,5,44.72,112.99,33.0,1,4.1,4.1,0.9,22.0
education,Westmeath,UCD,0,124.7,171.25,86.3,0,2.0,2.3,-2.0,-100.0
education,Wicklow,DCU,220,83.13,119.79,41.14,0,218.3,233.8,1.7,1.0
education,Wicklow,MU,40,67.47,138.65,49.08,0,41.7,36.0,-1.7,-4.0
education,Wicklow,SETU,0,90.16,201.87,56.32,0,0.6,0.9,-0.6,
education,Wicklow,TCD,0,73.17,91.41,36.82,0,3.2,2.7,-3.2,-100.0
education,Wicklow,TU Dublin,40,62.17,104.39,33.54,0,39.1,31.8,0.9,2.0
education,Wicklow,TUS,0,135.23,218.36,124.02,0,0.3,0.3,-0.3,
education,Wicklow,UCD,10,62.11,93.21,32.98,0,6.8,4.4,3.2,47.0
